Symbol,Last,Net Chng,%Change,Volume,Bid,Ask,High,Low,EPS,Vol Index,Sizzle Index
AAOI,14.97,-.25,-1.64%,"286,754",14.92,15.00,15.55,14.78,4.77,66.64%,3.059
AAPL,105.23,+.01,+0.01%,"21,209,403",105.23,105.24,105.48,104.70,6.45,21.81%,0.574
AAWW,36.02,+1.25,+3.60%,"149,254",36.01,36.06,36.02,34.25,3.61,45.41%,0.765
AApB,51.46,+.15,+0.29%,"333,343",51.31,51.43,51.49,50.98,0,,
ABAX,48.55,-.52,-1.06%,"97,231",48.53,48.61,49.37,48.36,.76,39.00%,0.081
ABBV,60.89,+.60,+1.00%,"4,511,366",60.88,60.89,60.97,60.21,2.58,26.04%,0.385
ABCO,51.55,+.80,+1.58%,"92,802",51.47,51.56,51.58,49.99,.48,36.82%,0.278
ABEV,6.18,-.20,-3.13%,"24,420,787",6.18,6.19,6.22,6.06,0,,0.107
ABMD,24.43,+.25,+1.03%,"95,104",24.39,24.46,24.68,23.976,.18,40.18%,0.075
ACAD,27.147,+.227,+0.84%,"431,545",27.12,27.15,27.20,26.347,-.66,57.07%,2.22
ACAS,14.18,-.16,-1.12%,"353,728",14.17,14.18,14.34,14.11,.32,37.89%,0.628
ACCO,7.20,0,0.00%,"317,151",7.19,7.20,7.21,7.05,.78,46.12%,1.435
ACGL,56.08,+.40,+0.72%,"221,378",56.06,56.09,56.12,55.50,4.74,18.72%,1.25
ACHC,52.98,+.01,+0.02%,"143,763",52.94,52.98,53.24,52.60,1.22,34.74%,0.226
ACHN,11.3499,-.3601,-3.08%,"1,770,183",11.34,11.35,11.71,11.13,-.61,235.18%,0.608
ACIW,18.60,+.15,+0.81%,"175,834",18.60,18.61,18.62,18.24,.7,36.05%,0.983
ACMP,63.04,+2.21,+3.63%,"949,546",62.93,63.03,63.615,60.98,1.02,30.53%,11.562
ACOR,34.04,-.21,-0.61%,"210,549",33.94,34.03,34.175,33.21,.45,63.05%,1.554
ACRX,6.70,-.08,-1.18%,"134,241",6.68,6.70,6.82,6.59,-.28,80.51%,0.701
ACTC,7.16,+.25,+3.62%,"160,642",7.15,7.24,7.48,6.97,-1,,
ACTG,16.92,+.02,+0.12%,"315,043",16.92,16.94,17.42,16.81,-1.22,48.52%,0.488
ACXM,17.03,+.17,+1.01%,"99,207",17.03,17.06,17.07,16.64,-.14,51.00%,0.345
ADBE,67.21,+.20,+0.30%,"705,056",67.20,67.22,67.28,66.31,.47,30.12%,0.393
ADHD,3.35,-.28,-7.71%,"472,171",3.35,3.36,3.60,3.305,-1.98,125.72%,0.432
ADNC,6.11,-.14,-2.24%,"111,343",6.11,6.13,6.20,5.98,-.76,57.66%,3.22
ADSK,54.865,+.415,+0.76%,"625,924",54.85,54.87,54.97,54.07,.75,37.58%,0.795
ADTN,20.46,-.055,-0.27%,"224,027",20.45,20.46,20.68,20.22,.84,33.47%,1.427
ADVS,33.13,+.23,+0.70%,"99,483",33.13,33.17,33.226,32.52,.83,41.98%,0.908
ADXS,3.35,+.02,+0.60%,"122,787",3.35,3.39,3.36,3.12,-1.79,92.04%,4.656
AEGN,17.66,-.08,-0.45%,"155,924",17.63,17.68,17.83,17.44,1.19,47.45%,0.119
AEGR,31.43,+.77,+2.51%,"929,012",31.39,31.45,31.68,30.07,-1.75,73.72%,0.298
AEIS,17.84,+.01,+0.06%,"91,849",17.81,17.84,17.84,17.38,1.47,57.23%,0.079
AEZS,1.2390,+.069,+5.90%,"6,014,226",1.2300,1.2400,1.3400,1.1400,-.74,,
AFFX,7.76,+.07,+0.91%,"111,754",7.74,7.76,7.80,7.60,-.09,85.53%,0.179
AFOP,12.6699,+.1699,+1.36%,"86,447",12.65,12.67,12.69,12.16,1.16,68.10%,0.105
AFSI,50.64,+1.27,+2.57%,"598,492",50.61,50.65,51.17,48.77,4.25,84.58%,0.453
AGCO,44.55,-.75,-1.66%,"417,904",44.54,44.55,45.03,44.20,5.46,37.85%,0.314
AGIO,79.41,-1.20,-1.49%,"506,296",79.28,79.52,82.20,77.06,1.5,85.51%,0.544
AGNC,23.14,+.12,+0.52%,"3,400,838",23.14,23.15,23.20,22.92,-2.5,24.88%,2.005
AGRO,8.2900,+.10,+1.22%,"137,030",8.2800,8.3000,8.3200,8.1200,-.23,44.98%,0.208
AINV,8.09,+.05,+0.62%,"885,226",8.08,8.09,8.11,7.98,1.36,28.86%,1.474
AIRM,44.96,-.10,-0.22%,"285,648",44.94,44.99,45.15,43.92,2.21,50.94%,0.872
AKAM,55.115,-.165,-0.30%,"478,728",55.11,55.12,55.28,54.37,1.68,45.60%,1.077
AKBA,14.31,-5.41,-27.43%,"1,424,707",14.19,14.30,18.00,11.85,0,127.82%,6.469
AKRX,44.28,-.10,-0.23%,"594,900",44.27,44.31,44.6085,43.50,.41,51.43%,0.512
ALGN,51.30,-.20,-0.39%,"312,538",51.27,51.31,51.47,50.79,1.04,32.68%,0.031
ALGT,124.22,+2.11,+1.73%,"108,911",124.15,124.69,124.24,121.43,5.46,28.54%,0.602
ALIM,6.38,+.36,+5.98%,"430,326",6.33,6.36,6.42,5.87,-1.02,83.37%,1.527
ALKS,46.00,+.09,+0.20%,"283,152",45.97,45.99,46.01,45.10,-.03,47.46%,0.615
ALLE,48.87,-.25,-0.51%,"256,441",48.86,48.88,49.31,48.545,.18,35.37%,0.938
ALLY,21.87,+.18,+0.83%,"805,130",21.86,21.87,21.89,21.67,0,32.77%,0.296
ALNY,93.3099,-.5301,-0.56%,"347,482",93.11,93.30,94.36,91.28,-5.11,72.20%,0.112
ALSN,29.74,+.09,+0.30%,"1,068,371",29.72,29.73,29.81,29.15,1.06,31.50%,3.436
ALTR,33.17,+.015,+0.05%,"1,739,542",33.16,33.17,33.33,32.71,1.46,27.32%,0.131
ALXA,2.538,+.268,+11.81%,"245,757",2.520,2.540,2.6899,2.280,-2,92.20%,2.451
ALXN,190.28,-.01,-0.01%,"729,414",190.06,190.28,191.00,187.32,2.4,33.46%,0.286
AMAG,34.0001,+.7101,+2.13%,"227,049",33.95,34.02,34.36,32.71,-.57,73.57%,22.687
AMAT,21.195,+.205,+0.98%,"5,151,861",21.19,21.20,21.23,20.795,.81,46.90%,0.316
AMBA,40.24,-.96,-2.33%,"1,067,457",40.18,40.25,40.95,39.2265,.94,61.42%,0.702
AMCC,6.74,-.06,-0.88%,"234,696",6.73,6.74,6.77,6.60,-.4,74.63%,1.242
AMCX,59.265,+.15,+0.25%,"273,984",59.26,59.27,59.34,58.40,3.11,40.59%,0.051
AMDA,2.5300,-.07,-2.69%,"695,337",2.5000,2.5300,3.4300,2.4401,-3.6,,
AMED,21.47,-.33,-1.51%,"119,000",21.45,21.49,21.74,21.07,-3.29,52.46%,1.13
AMGN,147.80,+.54,+0.37%,"1,519,814",147.76,147.81,148.29,146.11,6.53,29.45%,0.907
AMKR,7.56,0,0.00%,"513,744",7.56,7.57,7.595,7.32,.59,56.42%,0.865
AMPE,3.85,-.07,-1.79%,"313,106",3.84,3.85,3.99,3.751,-.73,92.76%,0.373
AMRS,2.9500,-.12,-3.91%,"198,599",2.9500,2.9700,3.0600,2.9400,-2.82,91.81%,0.131
AMSC,1.1900,0,0.00%,"128,493",1.1800,1.1900,1.2300,1.1700,-.89,114.84%,0.15
AMSG,50.97,+.59,+1.17%,"97,802",50.94,50.99,51.04,49.76,2.27,54.39%,0.294
AMTD,31.18,-.13,-0.42%,"1,358,189",31.17,31.18,31.31,30.95,1.4,27.09%,0.099
AMTG,16.34,+.06,+0.37%,"156,511",16.34,16.36,16.36,16.18,2.58,16.99%,0.009
AMZG,1.8300,-.15,-7.58%,"300,480",1.8300,1.8400,1.9500,1.7000,-.32,122.49%,2.869
AMZN,288.25,+1.19,+0.41%,"3,719,532",288.22,288.35,289.319,285.02,-.47,28.54%,1.071
ANAC,28.26,-.10,-0.35%,"197,272",28.26,28.30,28.50,27.50,1.79,55.07%,0.14
ANET,73.96,-.97,-1.29%,"122,309",73.85,74.00,74.70,73.10,0,68.49%,0.915
ANGI,6.715,+.195,+2.99%,"994,641",6.71,6.72,6.80,6.46,-.42,71.92%,0.084
ANIK,39.3085,+.2885,+0.74%,"105,848",39.22,39.32,39.35,38.54,2.34,58.28%,0.973
ANIP,29.32,-.76,-2.53%,"98,649",29.28,29.40,30.38,28.76,15.16,,
ANSS,75.69,+.32,+0.42%,"85,344",75.67,75.71,75.84,74.86,2.72,23.05%,0.132
APOL,25.70,-.21,-0.81%,"354,989",25.69,25.70,25.92,25.52,1.92,37.37%,0.303
ARAY,7.25,+.16,+2.26%,"87,122",7.24,7.25,7.26,7.02,-.47,45.38%,0.074
ARCB,37.16,+1.41,+3.94%,"134,054",37.16,37.21,37.31,35.49,1.36,57.95%,6.564
ARCC,15.86,-.13,-0.81%,"873,164",15.85,15.86,15.94,15.83,1.87,20.75%,0.386
ARCO,5.975,-.225,-3.63%,"722,098",5.97,5.98,6.14,5.96,-.32,61.54%,1.216
ARCP,12.39,+.04,+0.32%,"5,000,042",12.38,12.39,12.42,12.27,-1.82,27.56%,0.21
AREX,9.32,-.43,-4.41%,"1,437,143",9.30,9.32,9.69,9.2504,1.83,84.28%,2.541
ARIA,5.76,-.07,-1.20%,"2,639,285",5.75,5.76,5.7999,5.59,-1.32,82.98%,0.924
ARII,68.25,+.20,+0.29%,"184,857",68.20,68.36,69.956,67.2159,4.6,61.99%,0.379
ARMH,39.32,-.29,-0.73%,"1,209,458",39.29,39.30,39.77,38.86,0,32.38%,0.898
ARMK,26.72,+.19,+0.72%,"210,713",26.70,26.74,27.24,26.60,0,26.48%,0.198
ARNA,4.17,0,0.00%,"738,923",4.16,4.17,4.18,4.07,-.26,68.23%,0.303
ARRS,27.49,+.045,+0.16%,"769,610",27.48,27.49,27.57,26.97,.68,49.48%,1.16
ARRY,3.57,-.03,-0.83%,"767,672",3.57,3.58,3.60,3.49,-.69,82.03%,0.65
ARTX,2.9600,-.07,-2.31%,"183,440",2.9500,2.9600,3.0200,2.8500,-.11,++,0.321
ARUN,20.21,+.07,+0.35%,"465,468",20.19,20.21,20.25,19.52,-.27,60.71%,7.877
ARWR,7.07,-.09,-1.26%,"795,017",7.07,7.08,7.20,6.76,-1.19,129.77%,0.603
ASBC,17.63,-.01,-0.06%,"192,586",17.62,17.63,17.71,17.49,1.13,21.13%,0.074
ASGN,28.65,-.12,-0.42%,"121,448",28.65,28.66,28.80,28.29,1.31,49.97%,0.061
ASML,95.60,+.54,+0.57%,"243,521",95.53,95.62,95.80,94.28,0,27.79%,0.1
ASNA,12.16,+.04,+0.33%,"423,306",12.16,12.17,12.175,11.95,.84,30.72%,0.476
ASPS,71.4400,-1.89,-2.58%,"506,953",71.3200,71.5500,73.5299,69.6400,7.05,66.45%,5.008
ATEN,4.05,-.01,-0.25%,"167,659",4.05,4.07,4.10,4.01,0,76.31%,0.186
ATHL,58.09,0,0.00%,"1,729,969",58.08,58.09,58.11,58.05,.58,24.16%,0.159
ATHM,49.67,-.27,-0.54%,"550,640",49.56,49.68,50.96,49.06,.72,76.65%,0.737
ATHN,116.175,-1.795,-1.52%,"196,491",116.10,116.25,117.839,115.82,.05,39.27%,0.292
ATHX,1.400,+.0499,+3.70%,"140,417",1.390,1.400,1.430,1.350,-.39,217.86%,0.462
ATLS,38.915,-.285,-0.73%,"456,193",38.88,38.95,39.10,37.79,-1.52,35.26%,0.153
ATML,7.17,+.04,+0.56%,"1,473,424",7.16,7.17,7.17,7.02,.08,50.18%,0.1
ATRS,2.020,-.01,-0.49%,"306,400",2.010,2.020,2.060,1.980,-.23,97.36%,0.219
ATTO,9.44,-.40,-4.07%,"88,606",9.40,9.45,9.83,9.05,0,,
ATVI,19.11,-.06,-0.31%,"10,634,727",19.11,19.12,19.25,18.98,.94,45.07%,0.581
AUDC,4.79,+.14,+3.01%,"121,078",4.79,4.80,4.95,4.74,.13,60.14%,0.165
AUXL,31.54,+.20,+0.64%,"380,267",31.54,31.55,31.56,31.10,-2.92,45.01%,0.069
AVAL,13.02,+.01,+0.08%,"186,486",13.03,13.05,13.07,12.85,0,,
AVGO,81.53,-.32,-0.39%,"887,276",81.51,81.56,81.9599,80.121,1.33,36.70%,0.614
AVNR,11.975,+.125,+1.05%,"4,435,669",11.97,11.98,12.80,11.52,-.47,80.69%,3.619
AVNW,1.80,-.01,-0.55%,"85,333",1.80,1.81,1.83,1.7101,-.83,,
AWAY,34.29,+.53,+1.57%,"564,488",34.25,34.29,34.42,33.70,.17,56.98%,0.48
AXAS,3.7001,-.3399,-8.41%,"1,608,030",3.70,3.71,3.88,3.55,.4,92.43%,0.545
AXDX,22.60,-.16,-0.70%,"82,858",22.42,22.60,22.86,22.08,-.53,87.98%,0.365
AXLL,38.68,-.19,-0.49%,"434,459",38.66,38.68,38.69,37.79,1.6,43.23%,5.252
AXPW,2.2999,-.0601,-2.55%,"85,367",2.2300,2.3000,2.4500,2.2900,-5.5,,
AZPN,39.01,+.51,+1.32%,"384,565",38.99,39.02,39.08,38.302,.92,40.34%,0.921
BABA,97.89,+2.13,+2.22%,"19,890,038",97.87,97.89,98.85,96.30,0,47.30%,1.948
BABY,33.14,+.07,+0.21%,"167,370",33.10,33.14,33.53,32.67,.96,39.46%,1.914
BALT,3.62,-.17,-4.49%,"642,085",3.62,3.63,3.91,3.58,-.11,++,0.086
BBBY,65.53,+.29,+0.44%,"562,662",65.51,65.52,65.56,64.78,4.79,20.84%,0.967
BBCN,13.29,+.02,+0.15%,"250,903",13.28,13.29,13.31,13.1599,1.06,++,0.658
BBEP,16.06,-.85,-5.03%,"1,125,399",16.05,16.08,16.80,15.85,-1.81,55.78%,1.454
BBLU,1.38,-.096,-6.50%,"735,948",1.38,1.40,1.49,1.35,-.54,,
BBRY,10.48,+.225,+2.19%,"4,326,713",10.47,10.48,10.48,10.08,-9.59,60.89%,0.696
BBSI,44.16,+.32,+0.73%,"107,248",44.15,44.33,44.30,43.54,2.47,55.20%,0.694
BBVA,11.49,-.25,-2.13%,"827,666",11.48,11.49,11.56,11.34,0,30.67%,0.891
BCEI,40.48,-1.80,-4.26%,"656,479",40.48,40.53,41.40,38.78,1.34,72.18%,1.785
BCOR,15.79,+.07,+0.45%,"113,409",15.79,15.80,15.81,15.60,.6,52.24%,0.35
BCOV,5.245,+.045,+0.87%,"157,483",5.24,5.25,5.245,5.07,-.37,65.71%,111.728
BCRX,11.63,-.20,-1.69%,"426,483",11.62,11.63,11.98,11.33,-.63,90.78%,0.627
BDBD,7.965,-.505,-5.96%,"2,933,881",7.96,7.97,8.57,7.89,.11,87.02%,0.212
BDSI,16.94,+.32,+1.93%,"371,801",16.92,16.96,17.01,16.22,-1.06,71.20%,0.957
BEAV,74.45,-.99,-1.31%,"746,316",74.41,74.43,75.03,73.48,3.93,37.44%,0.501
BEBE,2.20,+.07,+3.29%,"102,902",2.19,2.20,2.22,2.10,-.75,80.13%,3.471
BECN,26.16,-.52,-1.95%,"228,403",26.15,26.16,26.60,26.04,1.14,31.17%,0.585
BERY,24.78,-.21,-0.84%,"252,782",24.78,24.79,24.928,24.53,.49,32.58%,0.272
BF/B,89.59,+.59,+0.66%,"168,499",89.57,89.62,89.76,88.71,3.1,20.36%,0.392
BGCP,7.84,+.01,+0.13%,"250,176",7.84,7.85,7.85,7.70,.19,28.25%,0.207
BGFV,10.45,+.49,+4.92%,"169,800",10.42,10.45,10.45,9.791,.86,65.42%,3.882
BIDU,220.8205,-1.7295,-0.78%,"1,975,267",220.70,220.77,223.35,220.07,6.27,42.57%,0.734
BIIB,319.12,-2.55,-0.79%,"634,417",318.94,319.30,323.12,317.001,10.56,30.94%,0.338
BIOD,1.5699,+.0299,+1.94%,"88,928",1.5500,1.5700,1.6000,1.4700,-.51,109.21%,3.764
BIOF,7.4248,+.1548,+2.13%,"261,144",7.41,7.46,7.44,6.7465,-1.7,,
BIOS,5.95,-.04,-0.67%,"388,552",5.94,5.95,6.00,5.87,-1.18,124.15%,0.066
BITA,80.80,+.80,+1.00%,"907,224",80.59,80.74,83.21,79.37,0,73.45%,0.886
BJRI,41.60,-.55,-1.30%,"541,034",41.60,41.66,42.15,41.43,.69,39.28%,1.261
BKCC,8.6899,+.1399,+1.64%,"233,836",8.68,8.69,8.695,8.52,1.33,++,0.171
BLDP,2.7800,-.05,-1.77%,"401,210",2.7700,2.7800,2.8900,2.7500,-.13,80.83%,0.558
BLDR,5.58,-.16,-2.79%,"164,558",5.57,5.58,5.80,5.50,.19,75.84%,0.424
BLMN,18.52,+.05,+0.27%,"413,894",18.51,18.52,18.54,18.25,1.18,50.72%,0.171
BLOX,15.13,-.12,-0.79%,"128,415",15.13,15.14,15.28,15.00,-.45,54.89%,0.325
BLRX,1.34,-.02,-1.47%,"121,947",1.34,1.36,1.37,1.30,0,,
BLUE,40.00,-1.00,-2.44%,"532,899",40.01,40.06,40.80,39.62,6.42,98.84%,0.602
BMRN,81.25,+.22,+0.27%,"561,995",81.18,81.24,81.40,80.06,-1.19,36.09%,0.639
BOBE,48.67,+.34,+0.70%,"213,072",48.65,48.68,48.71,48.10,.82,33.56%,2.028
BONT,8.69,-.32,-3.55%,"92,711",8.67,8.69,8.98,8.61,-.32,61.66%,0.376
BPFH,12.11,-.02,-0.16%,"161,522",12.10,12.11,12.14,11.95,.77,36.38%,0.106
BPOP,30.50,+.09,+0.30%,"159,637",30.50,30.52,30.55,30.11,-.42,28.77%,0.445
BRCD,10.23,+.28,+2.81%,"2,348,478",10.23,10.24,10.26,9.81,.48,43.10%,1.07
BRCM,39.93,+.23,+0.58%,"1,915,088",39.93,39.94,40.00,39.43,.73,26.47%,1.134
BRFS,22.81,-.54,-2.31%,"1,461,975",22.81,22.82,22.85,22.06,0,42.70%,0.264
BRKL,9.00,-.11,-1.21%,"103,129",8.99,9.01,9.08,8.965,.54,35.18%,1.471
BRKR,20.06,-.02,-0.10%,"150,732",20.06,20.08,20.12,19.82,.46,47.23%,0.064
BSAC,21.13,-.20,-0.94%,"149,764",21.12,21.13,21.20,21.00,0,28.62%,1.485
BSBR,6.15,-.18,-2.84%,"79,568,731",6.14,6.15,6.17,6.03,0,122.26%,0.524
BSMX,12.98,-.11,-0.84%,"266,815",12.98,12.99,13.03,12.71,.7,32.70%,0.053
BURL,40.32,+.70,+1.77%,"249,571",40.30,40.34,40.40,39.46,-.01,42.65%,0.805
BWLD,133.54,-1.86,-1.37%,"542,990",133.47,133.62,136.6032,133.33,4.78,45.63%,4.736
CACI,72.265,+.275,+0.38%,"114,123",72.24,72.29,72.63,71.69,5.38,23.43%,0.71
CAKE,44.66,+.62,+1.41%,"329,702",44.63,44.65,44.72,43.64,2.07,21.73%,0.417
CALL,8.71,-.18,-2.02%,"107,444",8.69,8.71,8.89,8.60,3.38,86.80%,0.399
CALM,83.48,-1.57,-1.85%,"154,188",83.41,83.55,85.299,83.3684,5.3,38.82%,0.418
CAMP,18.12,-.24,-1.31%,"352,429",18.11,18.15,18.33,17.60,.36,54.05%,1.27
CANK,1.54,+.04,+2.67%,"134,422",1.53,1.54,1.54,1.51,-.01,,
CANV,3.57,-.08,-2.19%,"159,767",3.55,3.59,3.70,3.31,0,,
CATM,34.74,-.32,-0.91%,"102,907",34.72,34.77,35.08,34.50,.5,35.16%,1.5
CAVM,45.46,+.25,+0.55%,"298,636",45.43,45.46,45.61,43.91,-.07,55.57%,0.288
CBDE,1.35,+.10,+8.00%,"87,809",1.33,1.35,1.48,1.20,0,,
CBOE,57.57,+.03,+0.05%,"145,688",57.55,57.57,57.95,57.32,2.05,24.60%,1.087
CBPO,56.08,+.13,+0.23%,"102,228",56.00,56.09,58.50,55.50,2.32,46.65%,0.404
CBRL,110.99,0,0.00%,"109,207",110.95,111.08,111.65,110.23,5.51,23.35%,0.172
CBSO,29.6725,-.1575,-0.53%,"421,815",29.65,29.67,29.98,29.534,0,29.95%,0.064
CBST,71.70,+.77,+1.09%,"420,311",71.70,71.75,72.11,70.92,-.51,53.95%,0.072
CCIH,11.36,-.45,-3.81%,"129,498",11.31,11.37,11.82,11.14,-.12,95.67%,0.05
CCMP,47.23,+.41,+0.88%,"95,932",47.18,47.27,47.59,46.304,2.04,28.21%,3.764
CDNS,17.37,+.17,+0.99%,"1,459,862",17.37,17.38,17.435,17.06,.44,30.77%,0.17
CDTI,1.7300,+.1032,+6.34%,"94,169",1.7100,1.7300,1.7399,1.6010,-.79,,
CECO,5.08,-.11,-2.12%,"200,465",5.08,5.10,5.15,4.93,-3.57,90.89%,5.332
CELG,103.11,-.13,-0.13%,"3,148,970",103.11,103.13,103.91,101.99,1.91,31.44%,0.84
CEMI,4.78,+.7901,+19.80%,"1,350,418",4.75,4.78,5.20,4.32,.01,,
CENX,27.21,-.89,-3.17%,"760,899",27.19,27.22,27.85,26.62,-.21,60.82%,3.184
CEQP,9.14,-.05,-0.54%,"190,127",9.13,9.14,9.50,8.90,0,55.81%,0.619
CERN,62.16,+1.04,+1.70%,"1,115,698",62.15,62.16,62.57,60.92,1.25,24.72%,0.582
CERS,4.16,+.02,+0.48%,"262,148",4.15,4.16,4.19,4.03,-.66,70.84%,0.459
CETV,2.26,-.03,-1.31%,"84,084",2.26,2.27,2.31,2.25,-1.36,99.19%,1.278
CFFN,12.32,-.02,-0.16%,"148,197",12.32,12.33,12.34,12.24,.52,14.31%,0.562
CGEN,7.897,+.107,+1.37%,"82,134",7.87,7.90,8.06,7.76,-.36,76.00%,22.544
CGNX,38.33,-.14,-0.36%,"272,933",38.32,38.34,38.47,37.67,.96,48.64%,1.231
CHKP,72.815,+.115,+0.16%,"763,959",72.80,72.83,73.46,72.30,3.43,18.75%,0.123
CHKR,9.96,-.17,-1.68%,"131,844",9.97,9.99,10.11,9.76,2.66,46.79%,1.551
CHMT,22.85,-.44,-1.89%,"247,937",22.84,22.86,23.16,22.67,.23,36.91%,0.03
CHRW,71.48,+.33,+0.46%,"1,231,433",71.45,71.49,71.49,69.7972,2.74,31.25%,0.443
CHSP,32.16,+.43,+1.36%,"104,426",32.15,32.18,32.19,31.57,.91,23.26%,0.071
CHTR,156.50,-1.31,-0.83%,"370,615",156.32,156.52,158.42,155.52,-1.05,34.11%,0.52
CIEN,16.08,-.16,-0.99%,"1,111,144",16.08,16.09,16.14,15.86,-.18,47.09%,0.159
CINF,48.90,+.16,+0.33%,"159,293",48.88,48.90,48.98,48.41,2.58,22.09%,7.94
CJES,17.92,-1.86,-9.40%,"1,475,799",17.91,17.92,19.40,17.52,.76,53.97%,1.425
CKEC,31.705,+.685,+2.21%,"87,029",31.64,31.69,31.72,30.60,.22,72.77%,1.5
CLDX,15.43,-.07,-0.45%,"693,053",15.43,15.44,15.50,14.80,-1.2,77.60%,0.315
CLGX,30.41,-.05,-0.16%,"390,479",30.40,30.42,30.51,30.25,1.01,24.56%,1.467
CLMS,13.23,+.38,+2.96%,"125,108",13.22,13.25,13.253,12.59,.96,31.13%,3.262
CLMT,27.59,-.44,-1.57%,"98,544",27.59,27.66,28.184,27.48,-1.78,46.83%,0.245
CLNE,6.30,-.24,-3.67%,"723,817",6.29,6.30,6.47,6.152,-1.3,67.01%,0.21
CLNY,21.43,+.09,+0.42%,"460,157",21.43,21.44,21.4533,21.19,1.22,36.53%,0.109
CLVS,54.97,-.61,-1.10%,"305,021",54.95,55.07,55.64,53.729,-3.55,88.39%,0.049
CMCM,16.78,+.10,+0.60%,"499,718",16.75,16.78,17.10,16.30,0,,
CMGE,22.30,-.61,-2.66%,"88,419",22.21,22.45,22.95,22.04,.14,,
CMLP,21.106,-.134,-0.63%,"230,766",21.08,21.12,21.21,20.70,-.89,41.25%,1.375
CMLS,3.743,-.107,-2.78%,"1,160,691",3.74,3.75,3.875,3.71,.28,144.00%,0.335
CMRX,31.66,-1.24,-3.77%,"298,575",31.65,31.67,33.60,31.42,.07,87.36%,0.432
CNAT,7.54,0,0.00%,"139,540",7.54,7.56,7.78,7.25,-1.31,117.75%,0.297
CNET,2.0900,+.08,+3.98%,"505,475",2.0700,2.0900,2.1400,1.8600,-.12,,
CNHI,7.8499,-.1001,-1.26%,"269,858",7.84,7.85,7.92,7.75,.54,40.02%,0.335
CNIT,3.9301,+.4301,+12.29%,"153,638",3.93,3.96,4.10,3.473,-4.36,++,1.046
CNQR,128.25,+.03,+0.02%,"304,578",128.24,128.25,128.26,128.12,-1.56,10.55%,2.365
CNSI,21.06,-.01,-0.05%,"87,778",21.05,21.07,21.17,20.93,.27,40.58%,0.014
CNSL,27.37,-.59,-2.11%,"241,085",27.37,27.38,27.55,27.126,.78,37.34%,0.032
CNVR,34.87,+.065,+0.19%,"199,520",34.86,34.87,34.91,34.66,1.39,10.75%,1.105
CODE,17.24,-.42,-2.38%,"689,360",17.24,17.25,17.46,16.85,-1.61,82.84%,0.179
COMM,22.21,-.61,-2.67%,"1,044,034",22.21,22.22,22.25,20.50,.5,58.50%,11.373
CONN,31.55,+.24,+0.77%,"341,530",31.51,31.56,31.62,30.56,2.66,55.40%,0.433
COSI,1.808,-.002,-0.11%,"88,457",1.790,1.810,1.830,1.760,-.81,,
COST,130.85,+.41,+0.31%,"951,537",130.82,130.86,131.2599,129.24,4.65,17.90%,0.77
COTY,16.55,+.23,+1.41%,"211,449",16.54,16.55,16.57,16.19,-.26,40.86%,0.333
CPHD,51.295,+1.215,+2.43%,"432,431",51.25,51.29,51.76,49.86,-.4,33.76%,0.419
CPLP,9.16,-.26,-2.76%,"158,691",9.15,9.18,9.40,9.10,1.1,43.28%,0.159
CPRT,32.5463,-.2837,-0.86%,"375,291",32.54,32.55,32.79,32.52,1.36,++,0.172
CPRX,2.6500,+.07,+2.71%,"224,651",2.6500,2.6600,2.6800,2.5500,-.27,74.81%,0.984
CPWR,10.095,+.055,+0.55%,"522,738",10.09,10.10,10.11,10.02,.16,19.99%,1.299
CPXX,2.22,-.03,-1.33%,"164,913",2.20,2.22,2.31,2.15,-.53,,
CRAY,29.54,+.25,+0.85%,"89,221",29.52,29.57,29.60,28.41,.51,69.16%,0.285
CREE,30.53,+.86,+2.90%,"1,666,590",30.53,30.54,30.63,29.38,.85,41.69%,0.798
CREG,1.2799,+.0299,+2.39%,"100,338",1.2700,1.2800,1.3000,1.2100,.31,251.75%,0.391
CRIS,1.28,-.04,-3.03%,"111,518",1.28,1.29,1.36,1.28,-.16,135.88%,0.566
CROX,12.01,-.02,-0.17%,"366,270",12.01,12.02,12.05,11.74,-.35,50.93%,5.301
CRTO,29.29,-.82,-2.72%,"115,275",29.19,29.34,30.44,28.96,0,65.48%,0.239
CRUS,21.26,-.31,-1.44%,"344,602",21.25,21.27,21.58,20.99,1.5,49.18%,0.342
CRZO,46.39,-1.91,-3.95%,"883,271",46.34,46.39,47.15,44.42,-.21,56.29%,0.528
CSCO,23.78,0,0.00%,"7,099,925",23.77,23.78,23.81,23.60,1.49,27.86%,0.454
CSIQ,28.84,-.70,-2.37%,"1,395,696",28.80,28.85,29.44,28.26,2.07,83.02%,0.583
CSLT,12.13,+.44,+3.76%,"253,627",12.13,12.15,12.36,11.7338,0,95.24%,1.4
CSOD,33.92,+.29,+0.86%,"203,084",33.92,33.97,34.10,32.67,-1.04,76.14%,0.207
CSTM,20.45,-.13,-0.63%,"1,127,235",20.45,20.46,21.62,20.42,0,56.47%,1.9
CTAS,71.23,+.01,+0.01%,"239,591",71.22,71.24,71.3195,70.62,3.35,21.42%,0.156
CTCM,6.08,+.02,+0.33%,"1,137,930",6.07,6.08,6.09,5.92,.96,106.96%,0.729
CTCT,32.16,+.15,+0.47%,"189,172",32.14,32.18,32.31,31.70,.52,45.96%,0.079
CTIC,2.390,-.01,-0.42%,"283,154",2.380,2.390,2.420,2.350,-.47,76.85%,0.356
CTIX,3.4700,+.09,+2.66%,"401,214",3.4700,3.4800,3.5000,3.3800,-.1,,
CTLT,24.70,-.24,-0.96%,"189,125",24.70,24.75,24.72,23.45,.25,42.83%,0.654
CTRE,14.00,-.11,-0.78%,"83,524",13.97,14.03,14.21,13.71,0,,
CTRP,56.095,-1.025,-1.79%,"911,380",56.05,56.10,57.075,55.07,1.1,54.81%,0.809
CTRX,42.50,-.30,-0.70%,"534,695",42.49,42.50,42.76,42.16,1.36,39.34%,0.141
CTSH,45.58,+.48,+1.06%,"1,441,588",45.57,45.59,45.71,44.87,2.24,31.39%,1.078
CTXS,63.32,-.27,-0.42%,"1,061,531",63.32,63.34,63.91,63.05,1.66,26.75%,0.302
CUBE,20.03,+.08,+0.40%,"558,507",20.03,20.04,20.08,19.83,.12,23.40%,3.941
CVBF,14.64,+.11,+0.76%,"85,117",14.62,14.64,14.64,14.30,.98,25.37%,3.25
CVEO,12.23,-.12,-0.97%,"670,685",12.23,12.25,12.50,12.03,0,48.47%,5.813
CVLT,44.11,-.87,-1.93%,"989,278",44.11,44.13,44.75,43.89,1.29,63.10%,0.781
CVRR,24.82,+.16,+0.65%,"140,646",24.79,24.84,24.85,24.15,2.85,37.26%,0.375
CVTI,20.57,-1.72,-7.72%,"367,725",20.51,20.58,22.28,19.13,.51,,
CWEI,73.24,+.17,+0.23%,"161,410",72.99,73.46,73.94,69.07,4.49,,
CYBR,33.48,+3.24,+10.71%,"2,358,920",33.38,33.48,33.75,29.40,0,83.67%,6.848
CYBX,50.83,-.13,-0.26%,"153,493",50.82,50.89,51.33,50.51,2.19,62.81%,0.266
CYNO,20.76,+.06,+0.29%,"188,287",20.69,20.76,20.80,20.29,.61,54.51%,0.184
CYTK,3.425,-.075,-2.14%,"105,480",3.41,3.43,3.51,3.30,-.62,191.28%,0.075
CYTR,2.6800,-.12,-4.29%,"380,230",2.6800,2.6900,2.7900,2.6500,-1.31,98.39%,2.708
DANG,11.92,-.28,-2.30%,"675,647",11.91,11.93,12.185,11.7338,-.12,70.95%,1.434
DATA,78.31,+.41,+0.53%,"493,908",78.22,78.32,78.54,76.70,.15,63.37%,0.438
DBVT,25.74,-1.26,-4.67%,"164,326",25.73,25.80,26.055,25.00,0,,
DECK,83.30,+1.74,+2.13%,"1,051,688",83.25,83.33,83.8224,81.06,4.17,35.06%,0.508
DENN,7.73,-.07,-0.90%,"745,871",7.72,7.73,7.84,7.72,.28,41.37%,67.826
DEPO,15.03,-.07,-0.46%,"299,901",15.02,15.04,15.15,14.82,1.35,50.53%,0.579
DGLY,15.246,+.756,+5.22%,"494,689",15.24,15.36,16.05,14.78,-2.01,,
DISH,61.51,-.69,-1.11%,"555,553",61.50,61.52,62.25,61.36,2.24,47.50%,0.858
DLPH,67.09,+.31,+0.46%,"1,048,693",67.08,67.10,67.395,65.97,4.14,27.15%,0.555
DLTR,58.945,+.005,+0.01%,"574,683",58.93,58.94,59.16,58.62,2.82,27.41%,0.224
DMND,28.25,-.12,-0.42%,"108,580",28.21,28.29,28.41,27.91,-6.33,38.25%,0.34
DNDN,1.0300,0,0.00%,"571,816",1.0200,1.0300,1.0600,1.0000,-1.36,188.36%,0.401
DNKN,45.40,+.29,+0.64%,"571,814",45.39,45.42,45.44,44.92,1.55,27.69%,0.112
DNOW,28.12,-.85,-2.93%,"690,835",28.12,28.15,28.84,27.89,0,53.73%,0.135
DORM,43.78,+.24,+0.55%,"120,129",43.74,43.78,43.794,43.13,2.47,34.49%,1.216
DRII,22.24,+.03,+0.14%,"121,264",22.21,22.25,22.27,21.82,-.26,,
DRIV,25.54,-.11,-0.43%,"701,865",25.54,25.56,25.65,25.46,-.68,13.23%,0.735
DRNA,9.465,-.235,-2.42%,"80,864",9.46,9.51,9.70,9.26,-367.2,,
DRTX,24.05,+.07,+0.29%,"134,251",24.03,24.04,24.05,23.81,-2.4,23.24%,0.1
DRYS,1.5027,-.0173,-1.14%,"12,119,672",1.5000,1.5100,1.5700,1.4600,-.58,128.96%,0.37
DSKY,16.14,+.03,+0.19%,"92,140",16.18,16.22,16.26,15.76,0,70.58%,0.134
DVAX,1.7200,+.10,+6.17%,"3,759,081",1.7100,1.7200,1.7300,1.5900,-.32,138.04%,0.66
DWRE,55.03,+.39,+0.71%,"127,712",55.02,55.10,55.125,53.62,-.65,71.51%,0.275
DXCM,43.05,-.26,-0.60%,"273,730",43.02,43.07,43.31,42.57,-.37,46.03%,0.413
DYAI,1.5200,+.06,+4.11%,"93,584",1.5200,1.5400,1.6000,1.5000,0,,
DYAX,10.898,+.088,+0.81%,"454,618",10.89,10.90,10.99,10.52,-.14,62.45%,0.205
EBAY,51.39,+.27,+0.53%,"2,919,832",51.39,51.40,51.49,50.97,-.13,25.13%,0.222
EBIX,14.37,+.12,+0.84%,"113,827",14.37,14.38,14.48,14.06,1.48,51.31%,2.12
ECHO,25.77,+1.90,+7.96%,"250,328",25.76,25.84,26.00,23.81,.63,32.59%,2.385
ECYT,5.75,-.06,-1.03%,"305,296",5.75,5.76,5.85,5.60,.31,85.99%,0.069
EFII,42.80,+.31,+0.73%,"160,226",42.79,42.81,42.88,41.73,2.45,37.09%,0.169
EGHT,7.50,+.22,+3.02%,"683,820",7.50,7.51,7.54,7.12,-.02,43.84%,0.554
EGOV,16.39,+.13,+0.80%,"134,672",16.37,16.39,16.54,15.582,.48,69.13%,0.9
EKSO,1.440,+.14,+10.77%,"335,694",1.420,1.440,1.460,1.350,0,,
ELGX,11.05,-.36,-3.16%,"291,868",11.04,11.05,11.34,10.97,-.09,++,0.034
ELNK,3.47,+.05,+1.46%,"286,705",3.46,3.47,3.4999,3.40,-3.31,67.06%,0.065
EMES,87.24,-7.76,-8.17%,"773,469",87.21,87.54,91.39,86.21,2.83,84.94%,2.761
EMKR,5.122,-.098,-1.88%,"139,565",5.11,5.14,5.23,5.11,-.43,41.24%,0.133
ENDP,65.06,+.02,+0.03%,"319,800",65.05,65.07,65.37,64.27,-8.24,38.30%,0.04
ENLK,31.32,+.20,+0.64%,"163,820",31.28,31.32,31.44,30.546,-1.51,36.24%,0.429
ENOC,13.849,+.009,+0.07%,"96,081",13.83,13.85,13.849,13.53,1.06,60.82%,0.154
ENPH,13.24,-.16,-1.19%,"164,436",13.23,13.25,13.40,13.00,-.43,83.59%,0.092
ENTA,45.16,-.01,-0.02%,"91,655",45.15,45.25,45.50,44.51,1.69,51.81%,0.127
ENTG,12.09,+.13,+1.09%,"368,518",12.09,12.10,12.11,11.771,.27,34.75%,4.359
ENTR,2.345,+.045,+1.96%,"138,933",2.340,2.350,2.350,2.260,-.76,53.33%,0.182
EOPN,5.57,-.23,-3.97%,"96,340",5.57,5.59,5.918,5.52,-1.09,82.64%,0.179
EPAM,46.91,+2.55,+5.75%,"781,170",46.91,47.00,47.15,44.02,1.37,51.77%,3.889
EPZM,28.02,-1.68,-5.66%,"130,375",28.02,28.16,29.25,27.64,.97,111.73%,0.452
EQIX,191.43,-3.44,-1.77%,"385,862",191.34,191.54,195.86,190.69,2.79,33.56%,0.385
ERIC,11.40,-.07,-0.61%,"2,124,067",11.39,11.40,11.40,11.20,0,27.41%,0.482
EROC,3.291,-.089,-2.63%,"214,400",3.29,3.30,3.368,3.20,-1.97,112.14%,0.649
ESNT,23.62,+.25,+1.07%,"109,154",23.63,23.65,23.76,23.38,1.11,38.57%,3.322
ESPR,25.74,+1.06,+4.29%,"238,040",25.64,25.77,25.88,24.8425,27.67,,
ESRT,15.70,-.03,-0.19%,"207,744",15.69,15.70,15.73,15.50,0,29.73%,0.397
ESRX,73.39,-.26,-0.35%,"2,222,092",73.39,73.40,73.75,73.34,2.27,29.96%,0.97
ETFC,20.935,-.235,-1.11%,"1,515,360",20.92,20.93,21.14,20.69,1.05,39.95%,0.316
ETRM,1.2499,+.0399,+3.30%,"173,020",1.2400,1.2500,1.2500,1.1810,-.43,204.38%,0.261
EVDY,12.27,+.11,+0.90%,"86,210",12.27,12.28,12.37,12.12,0,,
EVEP,30.188,-1.602,-5.04%,"194,877",30.22,30.25,32.28,29.90,-1.75,44.29%,2.465
EVHC,34.72,-.29,-0.83%,"228,748",34.71,34.75,34.97,34.55,.12,35.92%,0.085
EVTC,21.57,-.14,-0.64%,"166,094",21.57,21.61,21.74,21.48,2.72,34.60%,2.083
EWBC,34.77,+.03,+0.09%,"174,696",34.76,34.77,34.84,34.38,2.29,20.61%,0.235
EXAM,37.60,+.14,+0.37%,"127,160",37.57,37.61,37.78,37.44,-.03,48.19%,0.341
EXAR,9.00,-.07,-0.77%,"243,820",9.00,9.01,9.12,8.75,-.16,++,2.29
EXAS,23.14,-.42,-1.78%,"1,356,622",23.12,23.15,23.46,22.06,-.79,51.19%,1.53
EXEL,1.690,0,0.00%,"1,542,963",1.680,1.690,1.720,1.630,-1.52,103.16%,1.747
EXPD,41.23,+.31,+0.76%,"543,510",41.22,41.23,41.26,40.57,1.73,28.44%,1.245
EXPE,80.29,-1.24,-1.52%,"1,600,543",80.29,80.30,81.10,78.95,2.47,52.33%,1.409
EXPR,14.55,+.46,+3.26%,"623,175",14.54,14.55,14.57,13.98,.93,69.72%,0.139
EXTR,3.12,-.02,-0.64%,"349,476",3.11,3.12,3.125,3.05,-.6,107.20%,0.016
EXXI,7.12,-.45,-5.94%,"3,609,189",7.12,7.13,7.33,6.935,.64,118.01%,1.1
EZPW,10.09,-.38,-3.63%,"204,188",10.08,10.09,10.40,10.07,.25,64.27%,2.339
FANG,64.00,-3.24,-4.82%,"990,803",64.00,64.04,65.00,60.51,1.79,59.64%,1.259
FAST,42.56,-.11,-0.26%,"578,667",42.53,42.55,42.57,42.10,1.6,22.38%,0.636
FBHS,41.96,+.11,+0.26%,"222,564",41.93,41.96,42.04,41.37,1.54,40.03%,0.167
FCAU,9.25,-.25,-2.63%,"2,831,690",9.24,9.25,9.47,9.23,0,,
FCEL,1.7450,-.035,-1.97%,"921,485",1.7400,1.7500,1.7800,1.7200,-.18,83.09%,0.138
FDML,14.38,-.27,-1.84%,"94,366",14.32,14.38,14.79,14.10,-.09,43.75%,0.973
FEIC,78.95,-.27,-0.34%,"221,168",78.93,79.01,79.40,78.22,2.82,43.89%,1.064
FENG,9.50,-.01,-0.11%,"93,806",9.49,9.51,9.54,9.36,.59,55.15%,0.076
FEYE,31.305,-.205,-0.65%,"2,131,268",31.29,31.30,31.47,30.55,-.26,72.08%,0.894
FFIV,115.63,+.73,+0.64%,"524,037",115.61,115.65,116.05,113.53,3.8,40.78%,3.59
FINL,25.22,-.14,-0.55%,"382,352",25.21,25.23,25.25,24.79,1.71,31.81%,0.061
FISV,66.44,+.40,+0.61%,"401,868",66.42,66.44,66.675,65.75,2.75,23.11%,4.267
FITB,19.10,-.02,-0.10%,"1,686,085",19.10,19.11,19.12,18.99,1.92,22.56%,1.634
FIVE,38.28,+.33,+0.87%,"534,068",38.24,38.28,38.29,37.50,.7,52.04%,1.513
FLEX,9.31,-.02,-0.21%,"1,711,485",9.31,9.32,9.34,9.19,.79,46.16%,1.301
FLIR,32.13,+.09,+0.28%,"483,479",32.12,32.13,32.48,31.94,1.04,23.95%,0.128
FLWS,8.15,+.18,+2.26%,"114,719",8.11,8.15,8.15,7.853,.22,51.40%,0.08
FMBI,15.93,+.07,+0.44%,"117,747",15.92,15.93,16.04,15.6401,1.13,29.36%,1.414
FMCC,2.3000,+.06,+2.68%,"2,331,924",2.3000,2.3100,2.3200,2.2600,-.86,,
FMER,17.19,-.09,-0.52%,"324,497",17.18,17.19,17.2403,17.11,1.23,21.49%,1.458
FMSA,13.67,-.78,-5.40%,"728,665",13.61,13.69,14.36,13.18,0,73.39%,0.207
FNFG,7.20,-.10,-1.37%,"11,354,108",7.19,7.20,7.39,7.00,.73,31.90%,4.6
FNFV,13.47,+.07,+0.52%,"133,300",13.47,13.49,13.50,13.34,0,30.82%,0.082
FNGN,35.67,+.25,+0.71%,"94,549",35.62,35.65,35.85,34.80,.67,53.26%,0.633
FNHC,33.47,+.99,+3.05%,"149,648",33.39,33.53,33.63,32.1505,2.6,,
FNMA,2.3900,+.05,+2.14%,"5,127,409",2.3900,2.4000,2.4000,2.3500,-.17,,
FNSR,15.89,-.035,-0.22%,"411,475",15.88,15.89,15.94,15.50,.97,47.13%,7.35
FOLD,5.695,-.245,-4.12%,"392,565",5.69,5.70,5.97,5.6202,-.96,51.74%,0.196
FOSL,100.56,-.20,-0.20%,"348,516",100.52,100.60,100.94,99.44,6.4,43.17%,0.597
FOXA,33.56,+.21,+0.63%,"4,984,763",33.55,33.56,33.745,33.20,1.67,27.51%,0.109
FRAN,12.24,+.19,+1.58%,"274,193",12.23,12.24,12.25,11.8801,.9,47.74%,0.073
FRGI,52.74,+.48,+0.92%,"206,231",52.72,52.80,53.34,51.75,.65,41.09%,1.133
FROT,1.05,-.01,-0.94%,"89,141",1.03,1.05,1.05,.91,-.01,,
FSFR,10.94,-.04,-0.36%,"81,685",10.94,10.97,11.00,10.85,0,,
FSIC,10.59,+.04,+0.38%,"334,054",10.58,10.59,10.59,10.5201,1.02,21.67%,1.005
FSLR,54.76,-1.68,-2.98%,"1,256,796",54.73,54.76,56.01,54.07,3.81,64.90%,0.833
FTNT,25.38,-.35,-1.36%,"497,151",25.38,25.39,25.63,25.26,.18,33.01%,0.072
FUEL,16.63,-.88,-5.03%,"279,725",16.63,16.66,17.50,16.27,-.56,90.26%,1.823
FULT,11.26,-.02,-0.18%,"355,571",11.25,11.26,11.33,11.15,.87,31.21%,4.317
FWLT,30.28,-.13,-0.43%,"242,900",30.27,30.28,30.44,30.07,1.15,27.96%,1.075
FWRD,45.86,+.20,+0.44%,"89,971",45.86,45.94,45.90,44.83,1.91,24.21%,0.189
FXCM,15.04,+.51,+3.51%,"475,847",15.03,15.04,15.08,14.39,-.14,56.55%,0.069
FXEN,2.87,0,0.00%,"80,274",2.86,2.87,2.89,2.7098,.1,79.64%,0.299
GALE,1.9751,+.0751,+3.95%,"1,174,214",1.9700,1.9800,2.0301,1.8500,-.81,95.32%,2.064
GBCI,26.08,-.01,-0.04%,"86,839",26.04,26.07,26.08,25.56,1.5,27.21%,0.526
GBDC,17.0866,+.1566,+0.92%,"93,393",17.05,17.09,17.125,16.8735,1.35,25.46%,0.876
GDOT,21.685,+.015,+0.07%,"138,507",21.67,21.69,21.95,21.33,.79,66.42%,0.562
GERN,2.1800,-.05,-2.24%,"693,602",2.1800,2.1900,2.2300,2.1700,-.25,111.53%,1.174
GGAL,13.63,-.12,-0.87%,"129,372",13.61,13.63,13.77,13.14,0,59.72%,0.609
GILD,112.48,+1.77,+1.60%,"6,046,973",112.48,112.51,112.55,108.87,4.44,39.44%,1.34
GIMO,13.67,+.42,+3.17%,"411,340",13.66,13.67,13.70,13.157,-.8,56.40%,0.099
GLNG,52.50,-2.12,-3.88%,"598,704",52.44,52.49,54.29,50.98,1.59,87.34%,0.601
GLOG,19.72,-1.26,-6.01%,"1,074,125",19.69,19.73,20.5799,19.18,.91,75.82%,2.391
GLPI,32.18,+.20,+0.63%,"219,801",32.17,32.20,32.19,31.81,.88,29.89%,0.077
GLUU,4.44,-.03,-0.67%,"983,767",4.43,4.44,4.4728,4.36,-.2,95.72%,2.377
GMCR,144.12,-1.12,-0.77%,"492,705",144.06,144.09,145.73,143.52,3.71,52.69%,0.673
GMED,20.75,+.12,+0.58%,"92,870",20.73,20.75,20.80,20.52,.88,38.24%,0.383
GNRC,44.40,-.14,-0.31%,"380,094",44.39,44.40,44.59,43.85,2.65,52.17%,0.277
GNTX,31.56,-.09,-0.28%,"557,455",31.55,31.57,31.74,31.37,1.98,26.60%,0.029
GOGO,16.47,-.04,-0.24%,"405,733",16.46,16.47,16.50,15.98,6.35,71.32%,0.685
GOLD,63.755,-.935,-1.45%,"382,504",63.65,63.72,64.3351,63.50,3.1,37.10%,0.582
GOMO,7.72,-.59,-7.10%,"89,206",7.72,7.77,8.31,7.64,.24,90.90%,0.644
GOOD,17.60,+.29,+1.68%,"132,133",17.58,17.59,17.62,17.31,-1.01,14.40%,5.753
GOOG,542.00,+2.22,+0.41%,"727,800",541.86,542.14,544.41,537.03,0,21.88%,0.735
GORO,4.62,-.14,-2.94%,"163,386",4.62,4.63,4.72,4.61,.16,53.34%,1.602
GPOR,47.77,-.96,-1.97%,"834,156",47.75,47.77,48.09,46.182,2.32,59.46%,0.293
GPRE,30.38,-1.04,-3.31%,"713,053",30.34,30.38,31.18,29.48,2.86,66.44%,0.389
GPRO,67.931,-3.979,-5.53%,"6,281,517",67.93,68.06,69.85,65.2005,0,89.72%,1.371
GRFS,34.71,+.39,+1.14%,"491,819",34.71,34.74,34.80,33.61,1.01,48.28%,1.529
GRMN,56.12,+.86,+1.56%,"1,947,995",56.11,56.12,56.19,55.38,3.33,37.42%,1.69
GRPN,5.95,-.10,-1.65%,"6,276,454",5.95,5.96,6.05,5.89,-.21,82.92%,0.851
GRUB,36.44,+.44,+1.22%,"732,299",36.44,36.49,36.85,35.31,0,57.85%,0.353
GSAT,2.2500,-.01,-0.44%,"1,561,898",2.2400,2.2500,2.2700,2.1900,-1.43,154.06%,0.427
GSJK,23.15,-.05,-0.22%,"117,969",23.10,23.18,23.19,22.61,1.25,42.38%,0.392
GTLS,45.86,-2.15,-4.48%,"285,841",45.80,45.85,48.00,45.20,2.48,59.93%,0.394
GWPH,74.79,+2.02,+2.78%,"152,863",74.79,74.90,74.8439,71.86,0,74.07%,0.478
GWRE,48.23,+.17,+0.35%,"134,752",48.21,48.25,48.35,47.58,.21,37.99%,0.579
HAIN,102.35,-.15,-0.15%,"434,970",102.37,102.42,102.78,101.71,2.83,33.26%,0.446
HALO,9.09,-.06,-0.66%,"337,629",9.08,9.09,9.13,8.88,-.71,31.52%,1.385
HAWK,32.74,-.10,-0.30%,"198,028",32.72,32.75,32.977,32.52,.98,41.52%,0.034
HBAN,9.53,+.04,+0.42%,"4,551,989",9.53,9.54,9.58,9.46,.7,27.37%,0.865
HBHC,33.20,+.28,+0.85%,"151,423",33.18,33.21,33.21,32.69,2.04,25.35%,1.582
HCBK,9.205,+.065,+0.71%,"1,180,292",9.20,9.21,9.215,9.06,.33,24.90%,0.189
HCLP,46.82,-4.25,-8.32%,"540,315",46.81,46.91,49.91,46.6067,2.4,63.75%,1.451
HDSN,4.28,-.14,-3.17%,"161,558",4.25,4.28,4.44,4.17,-.4,103.86%,0.167
HEES,36.525,-.505,-1.36%,"204,668",36.50,36.57,36.85,35.47,1.48,53.78%,0.028
HELE,60.1495,+.3795,+0.63%,"151,572",59.95,60.16,60.32,59.00,2.7,25.47%,0.977
HERO,1.5250,-.005,-0.33%,"1,593,628",1.5200,1.5300,1.6000,1.4800,-1.02,84.37%,0.072
HIBB,44.58,+.98,+2.25%,"138,891",44.57,44.59,44.5899,43.13,2.72,36.64%,1.953
HIMX,7.75,+.13,+1.71%,"2,224,213",7.74,7.75,7.80,7.58,.36,88.29%,0.331
HLIT,6.11,-.12,-1.93%,"218,284",6.11,6.13,6.30,6.05,-.13,29.35%,0.005
HLSS,17.820,-.58,-3.15%,"2,119,612",17.820,17.830,18.400,17.290,2.34,43.90%,0.851
HMHC,19.80,-.19,-0.95%,"95,881",19.80,19.82,19.90,19.70,.42,32.05%,0.058
HMIN,30.34,+.34,+1.13%,"129,012",30.20,30.40,30.46,29.5001,.69,41.19%,0.222
HMSY,21.48,+.19,+0.89%,"143,164",21.48,21.49,21.49,21.00,.37,62.55%,2.513
HMTV,11.25,+.04,+0.36%,"94,065",11.12,11.25,11.42,10.988,.13,,
HOLI,23.35,+.23,+0.99%,"204,712",23.34,23.37,23.39,23.03,1.19,41.82%,0.17
HOLX,25.00,+.06,+0.24%,"1,497,519",24.99,25.00,25.64,24.89,-4.18,40.24%,0.041
HSBC,50.2155,-.4445,-0.88%,"611,978",50.21,50.22,50.37,49.96,4.2,20.63%,1.023
HSEB,26.68,-.01,-0.04%,"126,640",26.66,26.68,26.74,26.66,0,,
HSIC,118.00,+.18,+0.15%,"110,783",117.95,118.02,118.26,117.51,5.19,17.64%,0.244
HSNI,65.48,+.09,+0.14%,"132,175",65.45,65.52,65.77,64.6901,3.11,34.33%,0.425
HSOL,1.9900,0,0.00%,"114,004",1.9800,1.9900,2.0200,1.9400,-1.7,86.99%,0.299
HTCH,3.50,-.04,-1.13%,"295,922",3.49,3.50,3.54,3.41,-1.8,103.77%,0.4
HTGC,15.4501,+.0901,+0.59%,"150,883",15.45,15.46,15.49,15.26,1.66,20.72%,0.817
HTLD,24.60,+.59,+2.46%,"196,178",24.56,24.58,24.78,23.50,.83,25.48%,0.695
HUBG,35.29,+.92,+2.68%,"408,338",35.29,35.31,35.32,33.30,1.78,39.54%,2.799
HUBS,32.74,+.63,+1.96%,"141,461",32.61,32.87,33.50,32.12,0,,
HWAY,15.14,+.27,+1.82%,"97,316",15.12,15.16,15.1855,14.668,-.39,37.86%,0.232
HZNP,12.565,+.225,+1.82%,"469,507",12.56,12.58,12.6699,12.12,-5.03,82.14%,0.322
IACI,62.88,+.62,+1.00%,"505,270",62.85,62.88,62.89,61.74,3.4,39.53%,1.324
IBIO,1.4100,-.09,-6.00%,"3,452,595",1.4000,1.4200,1.4800,1.3500,-.06,,
IBKR,25.55,-.35,-1.35%,"141,913",25.53,25.54,25.76,25.44,.71,24.14%,0.347
ICLR,56.10,-.61,-1.08%,"326,016",56.10,56.14,56.97,55.51,2.54,27.13%,0.333
ICON,37.36,-.23,-0.61%,"306,268",37.35,37.36,37.51,36.84,2.58,35.15%,2.868
ICPT,240.505,+2.855,+1.20%,"107,860",240.22,241.00,243.41,235.77,5.33,85.81%,1.103
IDCC,44.30,+.64,+1.47%,"148,104",44.29,44.33,44.3735,43.08,2.89,51.31%,0.854
IDRA,2.4500,-.01,-0.41%,"192,336",2.4400,2.4500,2.4500,2.3600,-.4,194.47%,0.075
IDTI,14.13,+.13,+0.93%,"1,650,739",14.13,14.14,14.16,13.80,.83,60.79%,3.157
IDXX,138.23,+3.03,+2.24%,"306,383",138.12,138.24,138.49,135.33,3.67,24.00%,2.093
ILMN,191.22,+2.10,+1.11%,"641,131",191.12,191.57,191.55,187.51,1.47,34.90%,0.601
IMAX,28.54,-.22,-0.76%,"217,706",28.53,28.54,28.95,28.322,.66,26.95%,3.218
IMGN,8.45,-.30,-3.43%,"1,149,654",8.45,8.46,8.71,8.37,-.83,65.53%,0.674
IMMR,7.83,+.08,+1.03%,"129,575",7.81,7.83,7.87,7.62,1.37,83.76%,0.552
IMMU,3.79,+.01,+0.26%,"240,122",3.79,3.80,3.81,3.72,-.42,76.04%,0.475
IMOS,20.31,-.08,-0.39%,"117,305",20.34,20.38,20.38,19.57,1.48,52.81%,0.844
IMPV,33.66,+2.26,+7.20%,"416,725",33.66,33.67,33.8205,31.18,-1.83,84.91%,2.574
IMSC,1.1700,-.04,-3.31%,"119,125",1.1600,1.1700,1.2000,1.1700,-.35,,
INAP,6.79,-.02,-0.29%,"85,845",6.78,6.79,6.80,6.61,-.72,42.61%,0.801
INCY,56.44,+1.37,+2.49%,"632,627",56.43,56.44,56.47,54.51,-.86,49.50%,0.443
INFA,34.26,-.17,-0.49%,"817,567",34.26,34.27,34.43,33.87,.87,29.33%,1.689
INFI,13.39,+.665,+5.23%,"271,324",13.37,13.40,13.50,12.44,-3.05,80.47%,0.824
INFN,13.55,-.23,-1.67%,"2,131,914",13.55,13.56,13.67,13.34,-.05,46.88%,1.134
INFU,4.30,+.31,+7.77%,"593,023",4.27,4.30,4.30,3.82,.14,,
INFY,61.95,-.23,-0.37%,"724,554",61.95,61.96,62.44,61.49,3.06,25.89%,0.506
INGR,75.26,-.71,-0.93%,"493,294",75.23,75.26,76.38,74.97,4.75,28.62%,0.629
INSM,14.12,-.15,-1.05%,"114,584",14.12,14.13,14.25,13.95,-1.85,56.06%,0.459
INSY,38.94,-.05,-0.13%,"199,555",38.90,39.07,39.30,38.01,1.65,77.52%,0.171
INTC,33.18,0,0.00%,"10,960,645",33.17,33.18,33.25,32.77,2.1,25.60%,0.4
INTU,85.30,+.34,+0.40%,"755,502",85.30,85.32,85.639,84.70,2.96,29.36%,2.894
INUV,1.4032,-.0468,-3.23%,"128,512",1.4000,1.4100,1.4365,1.3800,.06,,
INVN,19.99,-.49,-2.39%,"1,854,379",19.98,19.99,20.48,19.76,-.1,74.65%,1.3
INXN,26.10,+.05,+0.19%,"99,651",26.08,26.10,26.305,25.707,.14,35.88%,0.873
IOSP,36.32,-.76,-2.05%,"84,092",36.27,36.42,36.79,35.75,3.2,38.80%,0.462
IPAS,1.4500,-.06,-3.97%,"101,783",1.4500,1.4600,1.5400,1.4300,-.19,,
IPCM,39.96,-.11,-0.27%,"92,533",39.93,40.11,40.19,39.20,2.21,28.21%,3.138
IPGP,65.97,-.78,-1.17%,"161,371",65.92,65.99,66.74,65.31,3.18,40.66%,1.943
IPHI,14.12,-.10,-0.70%,"133,103",14.10,14.14,14.23,14.02,-.09,58.28%,0.495
IPXL,27.95,+.15,+0.54%,"91,609",27.94,27.97,27.99,27.51,.44,55.76%,0.3
IQNT,13.417,+.267,+2.03%,"146,176",13.39,13.42,13.44,12.93,1.1,65.94%,0.355
IRBT,34.41,+.02,+0.06%,"331,860",34.40,34.45,34.54,33.65,1.04,42.97%,0.164
IRDM,9.01,+.02,+0.22%,"212,209",9.01,9.02,9.06,8.89,.68,44.84%,0.674
IRET,8.1145,+.0245,+0.30%,"127,800",8.11,8.12,8.14,8.07,-.26,22.96%,1.807
IRWD,13.23,-.03,-0.23%,"222,498",13.20,13.23,13.27,12.94,-1.73,62.64%,0.356
ISBC,10.11,-.05,-0.49%,"1,025,678",10.11,10.12,10.145,10.06,.95,21.31%,0.102
ISIL,13.51,-.04,-0.30%,"278,218",13.51,13.52,13.555,13.21,.17,41.52%,1.604
ISIS,45.51,+.51,+1.13%,"1,086,316",45.50,45.51,45.60,44.12,-.81,60.65%,0.777
ISNS,3.14,+.22,+7.53%,"196,077",3.12,3.16,3.18,2.88,-3.62,,
ISRG,475.59,-2.42,-0.51%,"221,847",475.36,475.76,476.08,469.75,11.45,29.90%,0.412
ISSI,12.52,+.03,+0.24%,"125,354",12.53,12.58,12.54,12.22,.8,34.09%,0.019
ITRI,38.13,+.11,+0.29%,"152,846",38.09,38.13,38.13,37.76,-3.64,46.32%,2.708
ITUB,12.69,-.80,-5.93%,"25,696,444",12.69,12.70,12.75,12.43,0,45.33%,0.469
JACK,70.90,-.37,-0.52%,"263,742",70.86,70.92,72.229,70.875,2.36,34.36%,1.263
JAKK,6.29,-.225,-3.45%,"739,358",6.28,6.29,6.5657,6.23,-.09,68.36%,0.294
JASO,7.9899,-.2701,-3.27%,"1,491,650",7.98,7.99,8.25,7.89,-1.94,68.25%,0.592
JAZZ,161.61,-4.85,-2.91%,"412,386",161.56,161.79,166.55,160.22,1.29,42.58%,0.316
JBHT,77.95,+.61,+0.79%,"308,035",77.92,77.96,78.13,76.99,3,23.65%,2.499
JBLU,11.1699,+.2099,+1.92%,"3,654,815",11.16,11.17,11.24,10.86,1.07,51.77%,0.158
JCOM,51.07,+.41,+0.81%,"102,416",51.02,51.07,51.27,50.50,2.35,42.42%,0.256
JDSU,12.19,+.09,+0.74%,"1,097,826",12.19,12.20,12.22,11.99,-.08,50.41%,0.406
JIVE,5.715,+.015,+0.26%,"117,318",5.70,5.71,5.73,5.61,-1.06,71.64%,1.295
JKHY,57.34,-.25,-0.43%,"144,588",57.34,57.36,57.70,57.01,2.36,27.06%,0.238
JMEI,21.9695,-.0405,-0.18%,"412,105",21.92,21.97,22.85,21.78,0,75.72%,0.474
JNPR,19.66,+.66,+3.47%,"7,965,002",19.65,19.66,19.68,18.81,1.21,31.05%,0.779
JONE,10.85,-1.11,-9.28%,"249,021",10.83,10.85,11.34,10.745,-.04,56.08%,4.661
JRJC,5.1799,-.1101,-2.08%,"242,209",5.15,5.18,5.321,5.0501,-.37,85.84%,0.448
KALU,69.20,-.77,-1.10%,"114,696",69.06,69.17,69.85,68.74,4.44,23.00%,0.696
KANG,17.98,-.60,-3.23%,"201,924",17.98,18.02,18.71,17.93,-.49,55.76%,0.88
KATE,26.24,-.08,-0.30%,"322,996",26.21,26.25,26.29,25.65,.58,58.98%,0.337
KERX,16.38,-.35,-2.09%,"416,410",16.38,16.39,16.69,16.10,-.81,59.10%,0.724
KEYW,10.45,+.48,+4.81%,"170,080",10.41,10.46,10.48,9.89,-.29,67.36%,0.579
KFRC,20.31,-.03,-0.15%,"136,015",20.29,20.33,20.455,19.97,.54,51.23%,0.07
KING,11.325,-.025,-0.22%,"411,004",11.32,11.33,11.39,11.12,0,93.73%,0.225
KITE,34.2408,+.8608,+2.58%,"271,482",34.14,34.26,34.908,32.29,0,73.91%,0.48
KLAC,74.755,-1.145,-1.51%,"1,465,809",74.75,74.76,76.28,74.30,3.24,24.90%,1.021
KLIC,13.88,+.03,+0.22%,"215,437",13.87,13.88,13.97,13.68,.83,37.59%,0.566
KNDI,14.9109,+.9009,+6.43%,"1,331,639",14.91,14.95,15.06,14.002,-.72,91.84%,2.842
KORS,76.54,+.80,+1.06%,"621,999",76.51,76.54,76.61,74.39,3.52,43.93%,0.609
KPTI,35.70,-.02,-0.06%,"96,083",35.58,35.83,36.56,35.0005,-1.22,88.21%,0.064
KRFT,56.97,+.14,+0.25%,"870,913",56.97,56.98,57.20,56.65,4.02,19.10%,0.493
KTOS,6.61,-.15,-2.22%,"224,046",6.61,6.62,6.90,6.57,-1.42,++,6.865
KYTH,36.27,-.24,-0.66%,"105,577",36.23,36.40,36.51,35.62,-5.27,51.43%,0.649
LAKE,12.9036,-.1864,-1.42%,"1,221,413",12.89,12.90,13.73,12.87,-.69,,
LAMR,50.22,+.08,+0.16%,"417,863",50.21,50.23,50.62,49.87,.4,28.08%,2.374
LAYN,7.89,+1.58,+25.04%,"943,249",7.89,7.91,8.14,6.25,-3.73,60.93%,1.46
LDOS,35.36,-.02,-0.06%,"145,481",35.35,35.38,35.42,35.185,-4.77,25.14%,1.61
LECO,67.24,-.92,-1.35%,"232,934",67.20,67.30,67.89,66.80,3.52,29.36%,0.053
LEJU,13.41,-.16,-1.18%,"192,937",13.40,13.44,13.90,13.21,0,,
LFUS,86.265,+.125,+0.15%,"158,982",86.23,86.49,86.43,85.49,4.44,32.65%,1.868
LFVN,1.28,-.02,-1.54%,"157,402",1.27,1.28,1.32,1.26,.1,,
LGCY,22.38,-.84,-3.62%,"163,113",22.25,22.32,23.31,22.2238,-1.2,54.74%,0.506
LGND,54.09,+.12,+0.22%,"262,456",54.02,54.14,54.63,51.76,.36,59.37%,0.882
LINE,24.3799,-.9701,-3.83%,"1,229,106",24.35,24.37,25.19,24.00,-4.37,56.98%,1.202
LIQT,1.4537,-.0963,-6.21%,"87,101",1.4400,1.4600,1.5490,1.4300,-.17,,
LIVE,2.9550,-.005,-0.17%,"93,282",2.9500,2.9600,3.0800,2.8600,-.29,115.50%,0.034
LJPC,10.86,-.39,-3.47%,"164,998",10.72,10.87,11.40,10.67,-24.83,,
LLTC,40.91,+.02,+0.05%,"656,787",40.90,40.91,40.92,40.37,1.98,24.79%,0.446
LMCA,46.47,+.01,+0.02%,"293,690",46.45,46.47,46.70,46.09,50.92,29.17%,0.08
LMCK,46.03,+.20,+0.44%,"177,848",46.02,46.06,46.33,45.64,0,++,1.41
LMNX,20.76,+.29,+1.42%,"97,916",20.77,20.79,20.845,20.27,.4,51.37%,1.222
LNCO,22.96,-.78,-3.29%,"1,351,246",22.93,22.97,23.50,22.66,-24.29,53.27%,1.741
LNKD,200.28,-1.82,-0.90%,"512,102",200.12,200.29,202.31,198.50,-.12,54.17%,0.942
LOCK,15.845,-.025,-0.16%,"361,904",15.84,15.85,15.88,15.45,.57,55.60%,0.311
LOCO,34.30,-.33,-0.95%,"496,487",34.20,34.34,34.79,34.02,0,66.97%,1.823
LOGI,13.71,+.02,+0.15%,"155,039",13.71,13.72,13.74,13.56,.19,37.71%,0.138
LOGM,44.85,-.11,-0.24%,"241,297",44.80,44.90,45.48,43.51,-.75,43.04%,0.279
LOPE,41.28,+.13,+0.32%,"208,863",41.25,41.29,41.44,40.86,2.09,42.14%,0.479
LPDX,5.205,+.015,+0.29%,"290,479",5.20,5.21,5.21,5.19,-.89,,
LPLA,40.59,-.34,-0.83%,"285,050",40.55,40.58,40.77,40.16,1.73,35.11%,1.524
LPNT,69.76,-.54,-0.77%,"375,647",69.74,69.78,70.58,69.02,3.04,26.94%,3.701
LPSN,13.70,+.01,+0.07%,"100,090",13.69,13.70,13.72,13.50,-.06,63.57%,0.305
LQDT,12.20,-.32,-2.56%,"181,816",12.20,12.21,12.39,12.00,1.3,76.76%,0.024
LRCX,75.50,-.06,-0.08%,"633,801",75.46,75.49,75.95,74.715,3.92,30.85%,0.551
LSCC,6.44,-.05,-0.77%,"639,546",6.43,6.44,6.51,6.35,.34,68.78%,1.093
LSTR,73.85,+.45,+0.61%,"184,583",73.80,73.85,74.45,72.98,2.77,23.05%,0.525
LULU,41.68,+.28,+0.68%,"659,317",41.67,41.69,41.75,40.37,1.68,39.14%,0.629
LVLT,42.44,+.22,+0.52%,"1,500,157",42.43,42.45,42.76,41.48,.65,43.03%,1.937
LXRX,1.3900,-.01,-0.71%,"680,644",1.3800,1.3900,1.4000,1.3500,-.2,,
MACK,9.1500,-.215,-2.30%,"1,045,805",9.1500,9.1600,9.4500,9.0000,-1.15,73.68%,1.075
MANH,37.55,+.20,+0.54%,"219,149",37.53,37.56,37.695,36.96,1.04,38.30%,0.563
MASI,22.67,+.34,+1.52%,"270,574",22.65,22.66,22.80,22.10,1.07,36.33%,0.183
MBLY,48.34,-1.35,-2.72%,"1,548,020",48.32,48.40,49.40,47.061,0,71.80%,1.294
MCGC,3.10,-.03,-0.96%,"196,289",3.09,3.10,3.16,3.08,-.58,51.48%,0.118
MCHP,41.17,+.13,+0.32%,"1,022,995",41.16,41.18,41.21,40.53,1.85,33.02%,0.085
MCHX,3.78,-.10,-2.58%,"88,071",3.78,3.79,3.88,3.75,.09,102.63%,1.379
MCRL,11.51,+.05,+0.44%,"218,118",11.50,11.51,11.53,11.19,.24,42.02%,0.962
MDAS,22.45,+.08,+0.36%,"131,061",22.45,22.48,22.51,22.035,.47,19.70%,0.523
MDCO,22.35,+.41,+1.87%,"216,282",22.32,22.36,22.51,21.70,-.22,49.32%,0.066
MDLZ,34.61,+.24,+0.70%,"3,267,648",34.61,34.62,34.795,34.26,1.12,24.01%,0.444
MDRX,13.58,-.04,-0.29%,"405,942",13.57,13.58,13.59,13.46,-.6,43.62%,0.018
MDSO,42.55,-.30,-0.70%,"176,315",42.52,42.55,42.69,42.0279,.12,64.05%,1.382
MDVN,102.49,+.62,+0.61%,"353,972",102.42,102.55,102.55,100.01,.29,57.76%,1.589
MDXG,9.2399,+.1099,+1.20%,"217,779",9.23,9.24,9.27,9.00,-.02,82.32%,0.361
MEET,1.86,+.03,+1.64%,"106,229",1.85,1.86,1.90,1.84,-.17,96.04%,0.444
MELI,110.06,-2.10,-1.87%,"221,976",109.91,110.07,110.78,108.15,1.7,53.74%,1.038
MEMP,21.38,-.12,-0.56%,"520,757",21.35,21.38,21.50,20.58,-3.27,36.48%,0.495
MENT,19.8001,-.3899,-1.93%,"261,098",19.80,19.82,20.20,19.80,1.21,33.89%,0.027
MEOH,56.22,-.86,-1.51%,"474,050",56.20,56.23,56.66,55.18,5.01,41.07%,0.309
MERU,3.965,-.025,-0.63%,"276,436",3.96,3.97,4.07,3.96,-1.46,90.82%,0.355
MGAM,34.58,-.48,-1.37%,"184,233",34.51,34.58,35.00,33.87,1.23,31.33%,0.263
MGNX,19.637,+.477,+2.49%,"105,332",19.61,19.64,19.64,19.02,2.39,66.08%,0.083
MHFI,84.31,+.26,+0.31%,"274,993",84.27,84.32,84.49,83.66,3.42,24.94%,0.416
MILL,3.70,-.04,-1.07%,"117,473",3.68,3.70,3.71,3.51,-1.06,88.71%,1.072
MKSI,35.23,+.04,+0.11%,"166,724",35.22,35.25,35.32,34.71,1.9,22.76%,3.899
MKTO,30.4401,+.6101,+2.05%,"196,093",30.40,30.46,30.50,29.24,-1.13,55.69%,0.462
MLNX,44.63,-.71,-1.57%,"476,457",44.62,44.67,45.59,44.04,-.58,41.62%,0.347
MMLP,35.23,-1.65,-4.47%,"193,767",35.23,35.31,36.75,34.73,-1.06,48.82%,0.839
MMSI,14.90,+.01,+0.07%,"112,954",14.86,14.90,15.04,14.71,.42,++,3.366
MNDL,3.7900,+.02,+0.53%,"97,810",3.7800,3.8000,3.8400,3.6010,-.46,81.98%,0.153
MNGA,1.0100,-.02,-1.94%,"225,128",1.0000,1.0100,1.0400,1.0000,-.25,,
MNKD,5.74,+.01,+0.17%,"1,652,285",5.74,5.75,5.76,5.611,-.66,74.44%,1.316
MNST,97.81,-.08,-0.08%,"296,067",97.76,97.81,97.90,97.14,2.33,39.28%,0.306
MNTA,10.87,-.15,-1.36%,"87,683",10.86,10.88,11.01,10.75,-2.13,67.32%,0.213
MOBI,6.95,-.27,-3.74%,"135,514",6.93,6.95,7.23,6.841,0,93.31%,0.335
MOBL,8.94,-.14,-1.54%,"188,528",8.90,8.94,9.1299,8.80,0,67.68%,0.352
MONT,22.00,+.04,+0.18%,"137,677",21.99,22.00,22.03,21.94,1.26,20.86%,0.273
MOVE,20.89,-.01,-0.05%,"314,232",20.89,20.90,20.915,20.88,-.29,15.10%,0.729
MPEL,25.2199,-.4001,-1.56%,"832,968",25.20,25.21,25.42,24.95,1.15,47.22%,1.144
MPWR,40.67,+.20,+0.49%,"249,612",40.65,40.73,40.94,39.89,.77,49.28%,5.541
MRCY,12.13,+.14,+1.17%,"86,628",12.09,12.14,12.13,11.85,-.13,39.27%,1.056
MRGE,2.260,0,0.00%,"83,955",2.250,2.260,2.270,2.220,-.09,67.03%,0.234
MRKT,23.06,-.66,-2.78%,"197,407",23.06,23.11,23.60,22.90,0,35.61%,0.412
MRVL,12.99,-.04,-0.31%,"1,456,945",12.99,13.00,13.04,12.91,.86,39.77%,1.207
MSCC,24.5179,-.0421,-0.17%,"151,160",24.51,24.54,24.58,24.08,.06,30.96%,0.893
MSCI,46.15,+.15,+0.33%,"194,796",46.14,46.15,46.20,45.80,1.82,20.06%,0.455
MSFT,45.98,-.15,-0.33%,"14,208,848",45.97,45.98,46.10,45.71,2.55,20.10%,0.574
MSON,13.50,+.50,+3.85%,"87,197",13.36,13.55,13.9899,12.98,.15,,
MSpI,25.2082,-.0118,-0.05%,"113,710",25.20,25.21,25.23,25.20,0,,
MTCN,19.79,-.43,-2.13%,"265,008",19.81,19.82,20.18,19.64,0,,
MTDR,22.51,-.62,-2.68%,"471,421",22.50,22.51,22.68,21.72,1.11,61.04%,2.416
MTGE,19.81,-.03,-0.15%,"206,908",19.81,19.82,19.894,19.70,2.53,14.22%,0.079
MTOR,10.6199,-.3301,-3.01%,"786,330",10.61,10.62,10.94,10.50,2.85,56.09%,3.897
MTRX,23.09,-.48,-2.04%,"101,871",23.04,23.11,23.39,22.60,1.33,62.37%,0.261
MTSN,2.52,+.02,+0.80%,"137,150",2.51,2.52,2.53,2.46,.11,72.72%,0.625
MUSA,55.26,-.34,-0.61%,"105,421",55.23,55.26,55.51,54.71,3.15,33.57%,0.145
MVIS,1.7700,-.02,-1.12%,"197,541",1.7700,1.7900,1.8700,1.7500,-.49,108.22%,1.548
MVNR,11.00,+.22,+2.04%,"85,637",10.95,11.02,11.18,10.62,2.03,,
MXIM,28.48,-.26,-0.90%,"1,429,680",28.48,28.49,28.84,28.01,1.22,26.72%,0.086
MXWL,10.035,-.605,-5.69%,"983,977",10.02,10.05,10.45,9.71,-.24,69.34%,0.649
MYCC,18.93,-.12,-0.63%,"199,462",18.91,18.94,19.075,18.80,-.86,42.80%,0.547
MYGN,37.15,+.19,+0.51%,"340,756",37.13,37.18,37.3852,36.19,2.25,52.49%,0.374
NADL,5.60,-.25,-4.27%,"482,214",5.59,5.61,5.82,5.52,1.04,112.99%,0.665
NAVB,1.350,-.01,-0.74%,"148,629",1.340,1.350,1.370,1.330,-.35,120.05%,1.87
NAVI,18.83,-.07,-0.37%,"546,920",18.82,18.83,18.91,18.70,0,31.82%,3.129
NBIX,17.69,+.18,+1.03%,"223,328",17.68,17.70,17.88,17.33,-.68,61.13%,1.127
NCLH,35.345,+.325,+0.93%,"224,218",35.30,35.34,35.35,34.764,1.79,31.38%,0.188
NDAQ,40.99,+.11,+0.27%,"454,991",40.97,40.98,41.11,40.52,2.66,22.56%,0.56
NDLS,21.18,-.57,-2.62%,"179,366",21.18,21.21,21.73,21.00,.36,71.76%,0.392
NDRO,8.79,-.28,-3.09%,"145,771",8.76,8.79,8.93,8.38,1.4,71.35%,1.079
NDSN,73.85,-.10,-0.14%,"90,079",73.79,73.87,73.85,72.99,3.63,31.58%,0.066
NEON,1.9900,+.02,+1.02%,"131,693",1.9900,2.0000,2.0450,1.8800,-.37,140.11%,8.038
NETE,1.5200,0,0.00%,"162,464",1.5200,1.5300,1.5500,1.5100,-.91,,
NEWP,17.96,0,0.00%,"103,293",17.90,17.98,17.97,17.58,.67,38.15%,0.979
NFBK,13.83,-.08,-0.58%,"372,437",13.82,13.84,13.906,13.70,.38,19.46%,4.207
NFLX,380.975,-4.045,-1.05%,"1,414,331",380.83,381.15,384.50,377.50,3.76,35.36%,0.903
NGLS,63.53,-.13,-0.20%,"256,143",63.52,63.58,64.09,62.50,2.44,39.38%,0.541
NICE,40.20,-.01,-0.02%,"95,096",40.15,40.24,40.278,39.8501,.89,27.70%,2.885
NKTR,13.23,+.08,+0.61%,"355,561",13.22,13.23,13.268,12.92,-1.18,46.86%,0.539
NLNK,37.632,-.848,-2.20%,"1,254,881",37.58,37.70,38.77,33.90,-1.28,117.11%,0.276
NLSN,42.1951,-.1049,-0.25%,"1,376,525",42.19,42.20,42.76,41.98,.99,29.28%,0.193
NMBL,26.45,+.41,+1.57%,"190,821",26.42,26.45,26.64,25.90,-1.28,62.36%,1.25
NMFC,14.498,+.048,+0.33%,"322,619",14.49,14.50,14.52,14.37,1.79,34.80%,0.345
NNVC,3.78,+.38,+11.18%,"380,233",3.77,3.80,3.83,3.45,-.28,92.32%,2.884
NOAH,15.1300,+.18,+1.20%,"288,078",15.1300,15.1800,15.3800,14.6000,.92,54.93%,1.15
NPBC,9.89,+.27,+2.81%,"982,428",9.89,9.90,9.94,9.65,.67,31.26%,0.698
NPSP,27.02,+.09,+0.33%,"744,028",27.01,27.04,27.23,26.38,.04,61.14%,0.195
NSAM,17.69,-.07,-0.39%,"111,279",17.68,17.69,17.80,17.49,0,40.88%,0.027
NSLP,20.88,-1.45,-6.49%,"110,929",20.86,20.92,22.35,20.80,0,41.59%,1.509
NTAP,40.79,+.07,+0.17%,"696,759",40.79,40.80,40.95,40.35,1.87,37.57%,0.36
NTCT,35.40,+.17,+0.48%,"120,324",35.32,35.36,35.47,34.86,1.38,38.43%,0.16
NTES,92.06,-.68,-0.73%,"275,241",91.90,92.09,92.62,90.76,0,38.04%,0.374
NTGR,32.99,+.12,+0.37%,"143,391",32.98,33.00,33.01,31.05,1.61,26.91%,0.127
NTLS,9.87,-.14,-1.40%,"123,658",9.87,9.89,10.124,9.65,.52,46.16%,1.516
NTRI,16.25,+.14,+0.87%,"102,385",16.24,16.26,16.27,15.84,.37,48.18%,0.459
NTRS,63.56,-.08,-0.13%,"589,102",63.55,63.57,63.68,63.12,3.04,21.76%,0.041
NUAN,14.60,-.26,-1.75%,"984,582",14.60,14.61,14.84,14.45,-.58,39.17%,2.255
NURO,1.75,+.04,+2.34%,"164,244",1.73,1.79,1.86,1.71,-2.16,,
NUVA,36.93,+.63,+1.74%,"89,923",36.77,36.82,36.966,35.95,-.18,59.20%,0.046
NVAX,5.37,+.24,+4.68%,"7,291,211",5.36,5.37,5.50,5.27,-.31,56.73%,2.995
NVDA,18.51,+.03,+0.16%,"1,987,428",18.50,18.51,18.54,18.27,.91,41.63%,0.205
NVDQ,11.99,-.17,-1.40%,"94,222",11.95,12.01,12.07,11.81,-.36,134.02%,0.155
NVGS,23.42,-.02,-0.09%,"186,873",23.37,23.44,23.63,22.60,1.12,44.16%,1.745
NWBI,12.30,-.02,-0.16%,"168,272",12.30,12.31,12.33,12.24,.71,32.26%,3.115
NWBO,4.8396,+.1496,+3.19%,"159,864",4.80,4.84,4.87,4.63,-2.38,89.82%,1.159
NWSA,15.49,-.24,-1.53%,"1,288,583",15.49,15.50,15.71,15.40,.41,27.45%,0.694
NXPI,65.6499,+.1199,+0.18%,"1,739,820",65.64,65.68,65.83,63.7701,1.85,43.50%,0.228
NXST,41.89,-.01,-0.02%,"120,317",41.82,41.93,42.04,40.89,.28,49.68%,20.281
NXTD,2.1600,-.08,-3.57%,"131,527",2.1500,2.1800,2.2500,2.0500,-.22,,
NXTM,14.59,-.20,-1.35%,"102,766",14.57,14.60,14.8399,14.50,-.32,38.59%,0.226
NYCB,15.47,-.08,-0.51%,"1,527,199",15.47,15.48,15.54,15.40,1.07,19.05%,0.084
NYLD,47.4135,+.0435,+0.09%,"218,603",47.36,47.42,47.78,46.79,.57,33.98%,0.677
NYMT,7.72,+.04,+0.52%,"596,774",7.71,7.72,7.73,7.62,1.25,23.10%,0.107
NYRT,11.2285,-.0615,-0.54%,"453,925",11.22,11.23,11.29,11.14,-.68,46.77%,1.237
OCLR,1.500,+.01,+0.67%,"116,753",1.500,1.510,1.530,1.450,-1.03,++,1.225
ODFL,70.72,+.46,+0.65%,"159,107",70.67,70.71,71.02,69.85,2.63,30.77%,0.133
OLED,29.995,+.045,+0.15%,"172,469",29.99,30.03,30.0999,29.28,1.88,66.88%,1.198
OMER,12.02,-.19,-1.56%,"157,029",12.01,12.02,12.2775,11.98,-1.57,71.98%,0.035
OMEX,1.1999,+.1499,+14.28%,"923,580",1.1900,1.2000,1.2100,1.0700,-.03,146.99%,3.19
ONNN,7.969,+.019,+0.24%,"1,925,984",7.96,7.97,7.98,7.835,.5,43.42%,0.535
ONTY,1.810,+.01,+0.56%,"176,192",1.810,1.820,1.830,1.760,-.41,115.87%,3.575
ONVO,5.98,+.07,+1.18%,"383,733",5.96,5.98,5.98,5.70,-.37,79.69%,1.297
OPHT,39.34,-.35,-0.88%,"97,251",39.30,39.35,40.03,39.14,3.83,57.83%,0.345
ORAN,14.80,+.03,+0.20%,"365,848",14.80,14.81,14.81,14.48,0,23.80%,0.57
ORBC,5.80,-.21,-3.49%,"92,427",5.79,5.80,5.98,5.7301,.05,++,0.023
ORCL,38.50,-.23,-0.59%,"3,767,228",38.50,38.51,38.72,38.37,2.39,21.91%,0.921
OREX,4.125,-.265,-6.04%,"1,465,436",4.12,4.13,4.38,4.03,-.82,74.32%,0.31
ORIG,13.50,-.55,-3.91%,"182,689",13.48,13.50,13.95,13.34,.31,59.18%,0.384
ORLY,171.63,+1.15,+0.67%,"411,938",171.59,171.65,172.00,170.01,6.98,20.64%,0.44
OSIS,68.47,+.53,+0.78%,"95,713",68.47,68.55,68.88,67.62,2.44,37.20%,0.499
OSTK,21.77,+.47,+2.21%,"237,411",21.74,21.80,21.95,20.91,3.34,48.27%,0.426
OSUR,8.56,+.21,+2.51%,"122,502",8.55,8.56,8.59,8.19,.02,101.30%,0.16
OTEX,53.27,+.04,+0.08%,"91,858",53.23,53.29,53.30,52.53,2.09,28.62%,0.1
OTIV,2.1894,-.0606,-2.69%,"184,888",2.1800,2.2100,2.3200,2.1400,-.21,,
OUTR,55.78,+.36,+0.65%,"224,753",55.75,55.80,56.13,55.32,6.63,48.32%,1.156
OVAS,18.65,+.59,+3.27%,"86,021",18.66,18.77,18.77,18.00,-1.89,,
OVTI,26.52,+.01,+0.04%,"158,326",26.51,26.55,26.57,26.02,2.06,31.53%,0.071
OXGN,2.2899,+.1399,+6.51%,"631,428",2.2700,2.2900,2.3200,2.1000,-2.28,179.29%,0.29
OZRK,33.75,+.35,+1.05%,"170,676",33.72,33.76,33.81,33.31,1.37,30.92%,1.196
PAAS,10.47,-.07,-0.66%,"782,251",10.46,10.47,10.50,10.27,-1.82,49.41%,0.771
PACB,6.05,-.02,-0.33%,"639,639",6.03,6.06,6.14,5.87,-.93,87.45%,0.456
PACD,6.89,-.51,-6.89%,"640,559",6.89,6.90,7.30,6.88,.15,52.08%,0.675
PACW,39.85,-.19,-0.47%,"268,239",39.84,39.86,40.13,39.75,1.24,36.85%,0.61
PAGP,27.97,+.01,+0.04%,"199,450",27.91,27.95,28.02,27.08,-.56,37.26%,0.121
PAHC,24.11,+.22,+0.92%,"91,200",23.97,24.25,25.241,23.24,-.1,78.51%,0.909
PANW,103.09,-4.97,-4.60%,"2,331,051",102.95,103.17,103.90,100.10,-3.05,48.16%,2.01
PAYX,45.76,+.27,+0.59%,"600,226",45.76,45.77,45.935,45.34,1.74,16.26%,0.635
PBCT,14.39,+.05,+0.35%,"982,903",14.38,14.39,14.39,14.30,.76,17.26%,0.03
PBPB,13.20,+.19,+1.46%,"114,720",13.19,13.20,13.21,12.835,-4.46,57.67%,0.408
PBYI,240.00,-1.05,-0.44%,"109,585",239.10,240.69,243.50,236.95,-3.01,80.13%,7.204
PCAR,61.17,-.23,-0.37%,"1,250,211",61.16,61.19,61.42,60.52,3.49,28.77%,1.045
PCRX,107.50,+1.06,+1.00%,"153,742",107.25,107.49,107.50,104.10,-1.28,59.91%,0.156
PCYC,123.56,-.12,-0.10%,"405,424",123.42,123.54,124.17,121.75,1.17,53.81%,0.558
PDCE,40.61,-3.00,-6.88%,"666,499",40.57,40.61,41.54,38.74,-.87,74.57%,0.334
PDCO,42.145,+.305,+0.73%,"154,583",42.12,42.14,42.22,41.43,2.02,23.00%,2.209
PDFS,12.40,-.08,-0.64%,"431,915",12.40,12.41,12.46,11.83,.7,34.08%,1.126
PDLI,8.30,-.03,-0.36%,"760,470",8.30,8.31,8.33,8.20,1.64,49.50%,0.177
PEIX,11.10,-.63,-5.37%,"838,099",11.09,11.11,11.64,10.76,.51,92.72%,1.102
PENN,12.47,+.06,+0.48%,"222,904",12.46,12.48,12.51,12.22,-10.9,40.23%,0.289
PETM,68.92,-.53,-0.76%,"333,398",68.92,68.95,69.46,68.70,4.17,29.96%,2.385
PFIE,3.39,-.18,-5.04%,"174,438",3.39,3.40,3.57,3.3272,.13,92.65%,0.263
PFPT,39.45,+.08,+0.20%,"237,385",39.44,39.46,39.56,38.01,-.85,54.05%,0.831
PGNX,4.76,+.04,+0.85%,"179,298",4.76,4.77,4.82,4.67,-.61,66.85%,0.376
PGTI,9.70,-.10,-1.02%,"90,831",9.69,9.70,9.77,9.54,.45,56.40%,0.885
PIKE,11.95,-.02,-0.17%,"110,735",11.94,11.95,11.97,11.93,.42,++,0.227
PLCE,48.06,+.04,+0.08%,"94,367",48.06,48.10,48.08,47.24,2.64,34.21%,0.267
PLCM,12.29,-.10,-0.81%,"940,684",12.28,12.29,12.39,12.14,.11,27.26%,0.05
PLNR,3.96,-.05,-1.25%,"92,793",3.96,3.97,4.10,3.90,.07,,
PLUG,4.2773,-.0627,-1.44%,"1,453,403",4.27,4.28,4.32,4.25,-1,91.01%,1.127
PMCS,7.24,-.10,-1.36%,"676,133",7.24,7.25,7.33,7.19,-.13,49.55%,1.588
PNNT,10.7399,+.0899,+0.84%,"186,700",10.73,10.74,10.74,10.52,1.4,,1.792
PNRA,170.63,+1.43,+0.85%,"282,507",170.57,170.69,171.11,168.8201,6.79,32.54%,1.066
PODD,39.13,-.28,-0.71%,"153,023",39.11,39.16,39.51,38.94,-1.07,42.84%,0.426
POST,35.80,-.01,-0.03%,"254,353",35.78,35.80,36.07,35.59,-1.94,48.82%,0.368
POWR,9.92,+.05,+0.51%,"109,848",9.92,9.94,9.94,9.70,-.25,71.24%,0.2
POZN,8.78,+.03,+0.34%,"93,003",8.78,8.80,8.8406,8.66,-.05,61.73%,0.204
PPHM,1.4500,-.06,-3.97%,"340,387",1.4500,1.4600,1.5100,1.4400,-.25,71.63%,3.928
PRAA,61.05,+.46,+0.76%,"94,515",61.00,61.10,61.25,60.11,3.4,36.25%,1.502
PRGN,3.57,+.02,+0.56%,"149,850",3.54,3.57,3.59,3.45,-1.31,70.24%,1.379
PRGO,155.245,+.095,+0.06%,"277,971",155.21,155.29,155.61,154.17,1.77,32.74%,0.319
PRGS,25.00,-.48,-1.88%,"405,390",24.99,25.00,25.54,24.99,.95,26.67%,2.121
PRIM,25.90,+.14,+0.54%,"96,342",25.87,25.90,25.96,25.17,1.38,38.19%,0.163
PRKR,1.1700,+.02,+1.74%,"92,602",1.1600,1.1700,1.1700,1.1200,-.27,108.02%,2.24
PRLB,60.58,-.85,-1.38%,"173,938",60.54,60.64,61.58,60.25,1.56,44.07%,0.13
PRXL,63.43,-.31,-0.49%,"182,575",63.41,63.44,63.84,62.87,2.25,39.91%,0.126
PSDV,4.10,-.13,-3.07%,"112,764",4.10,4.12,4.27,4.05,-.49,++,1.245
PSEC,9.77,+.03,+0.31%,"1,588,214",9.77,9.78,9.79,9.65,1.06,18.40%,0.255
PSUN,1.549,-.001,-0.06%,"140,653",1.530,1.550,1.590,1.520,-.11,85.91%,0.281
PSXP,64.84,-1.71,-2.57%,"188,564",64.79,64.91,66.7437,63.76,.65,41.90%,0.801
PTCT,37.02,+.57,+1.56%,"174,756",36.97,37.06,37.32,35.96,26.68,,
PTEN,22.52,-1.93,-7.89%,"3,005,705",22.51,22.52,23.63,22.00,.84,60.39%,1.63
PTIE,2.0300,-2.12,-51.08%,"5,437,612",2.0300,2.0500,2.1400,1.6100,.57,97.08%,5.275
PVTB,29.84,+.05,+0.17%,"114,786",29.83,29.87,29.90,29.39,1.9,45.30%,0.174
PWRD,20.775,-.655,-3.06%,"294,949",20.77,20.78,21.54,20.68,1.4,47.75%,0.51
PXLW,5.68,0,0.00%,"135,367",5.66,5.70,5.78,5.60,-.11,126.17%,0.662
QCOM,75.8848,-.1152,-0.15%,"2,501,550",75.88,75.89,76.03,75.27,4.15,24.63%,0.772
QGEN,23.09,+.25,+1.09%,"293,914",23.07,23.09,23.10,22.80,.29,35.14%,1.749
QIHU,66.20,-1.99,-2.92%,"1,091,019",66.18,66.21,67.888,65.54,1.03,51.84%,0.833
QIWI,27.89,+.81,+2.99%,"494,171",27.88,27.89,28.89,27.01,1.27,63.86%,1.052
QLGC,11.27,-.05,-0.44%,"431,136",11.27,11.28,11.36,11.20,-.16,++,0.266
QLIK,26.74,+.28,+1.06%,"1,052,180",26.74,26.75,26.87,25.91,-.14,46.11%,0.094
QLTI,3.99,-.03,-0.75%,"139,343",3.99,4.02,4.15,3.96,-.55,56.45%,0.403
QSII,14.355,+.185,+1.31%,"154,764",14.33,14.36,14.41,13.94,.05,32.57%,0.057
QUIK,2.7199,+.0999,+3.81%,"212,935",2.7000,2.7200,2.7200,2.5700,-.21,91.76%,2.984
QUNR,27.22,+.44,+1.64%,"346,511",27.22,27.23,27.32,25.79,-.3,56.18%,1.705
QVCA,25.47,+.16,+0.63%,"415,752",25.46,25.47,25.82,25.17,.88,40.62%,1.426
RATE,10.17,+.04,+0.39%,"1,303,619",10.17,10.19,10.25,9.97,-.08,72.98%,0.856
RBCN,4.16,-.13,-3.03%,"244,487",4.15,4.16,4.33,4.1019,-1.76,112.12%,0.426
RCAP,18.80,-.53,-2.74%,"155,866",18.79,18.81,19.21,18.76,-3.57,53.35%,0.455
RCII,29.58,+.29,+0.99%,"320,373",29.57,29.58,29.635,29.0001,1.7,27.25%,0.09
RCPT,67.58,+.18,+0.27%,"116,504",67.54,67.80,67.91,65.51,-3.02,116.57%,0.02
RDEN,15.70,-.06,-0.38%,"151,052",15.69,15.72,16.468,15.63,-4.9,65.80%,7.236
RDNT,8.88,+.05,+0.57%,"210,821",8.85,8.88,9.00,8.65,-.16,85.76%,1.173
REGI,9.96,-.11,-1.09%,"161,751",9.95,9.97,10.07,9.7899,3.35,56.84%,0.596
REGN,404.6416,+2.1416,+0.53%,"268,751",404.05,404.65,404.95,397.50,3.52,37.87%,0.521
RENN,3.35,-.06,-1.76%,"383,241",3.35,3.36,3.40,3.32,.17,49.03%,1.117
RESI,21.58,-.37,-1.69%,"410,417",21.57,21.60,21.92,21.19,3.29,63.51%,18.263
REXR,14.98,+.19,+1.28%,"171,442",14.98,14.99,14.995,14.665,0,22.83%,0.595
REXX,7.59,-.72,-8.66%,"1,775,473",7.57,7.58,8.10,7.405,.08,94.35%,1.928
RFMD,10.66,+.04,+0.38%,"3,886,174",10.66,10.67,10.71,10.37,.04,60.05%,0.438
RGEN,23.97,-.14,-0.58%,"136,544",23.95,23.97,24.02,23.61,.51,48.11%,0.399
RGLD,64.28,-1.975,-2.98%,"368,632",64.23,64.29,65.40,63.761,.96,39.47%,0.675
RGLS,19.24,+1.91,+11.02%,"5,907,301",19.16,19.24,20.29,15.80,-.65,136.15%,2.084
RGSE,1.1432,-.0268,-2.29%,"155,471",1.1400,1.1500,1.1900,1.1400,-.95,140.13%,0.044
RICE,24.21,-.50,-2.02%,"1,090,861",24.22,24.25,24.49,22.73,.69,63.15%,0.014
RIGL,1.76,-.07,-3.83%,"191,576",1.76,1.77,1.88,1.73,-1.01,++,0.014
RIOM,2.4700,+.06,+2.49%,"94,016",2.4600,2.4800,2.4800,2.4000,.29,88.61%,0.008
RJET,11.725,+.195,+1.69%,"186,837",11.72,11.73,11.74,11.21,1.04,63.25%,0.407
RKUS,12.125,-.045,-0.37%,"510,978",12.12,12.13,12.17,11.77,.03,56.05%,0.385
RLGY,39.435,-.255,-0.64%,"605,350",39.43,39.44,39.675,39.195,3.08,40.32%,6.656
RLYP,18.96,-.33,-1.71%,"110,632",18.95,19.04,19.35,18.50,126,69.46%,53.707
RMBS,10.60,+.16,+1.53%,"193,100",10.59,10.60,10.63,10.23,-.14,47.39%,0.948
RMTI,9.24,-.12,-1.28%,"272,382",9.24,9.25,9.45,8.92,-.72,219.97%,0.743
RNDY,3.09,-.03,-0.96%,"247,595",3.07,3.09,3.18,3.02,-.05,106.71%,0.225
ROIC,15.58,-.055,-0.35%,"238,738",15.57,15.59,15.752,15.52,.53,22.52%,2.885
ROSE,35.32,-1.27,-3.47%,"882,391",35.28,35.33,35.72,34.09,1.91,62.39%,0.349
ROST,80.49,-.01,-0.01%,"811,973",80.47,80.51,80.645,80.05,4.12,27.31%,0.351
ROVI,20.24,-.03,-0.15%,"104,524",20.24,20.27,20.32,19.9717,.15,48.19%,0.227
ROYL,2.4800,-.12,-4.62%,"137,350",2.4800,2.5100,2.5200,2.2500,-.02,72.59%,0.009
ROYT,9.19,-.17,-1.82%,"127,750",9.17,9.19,9.33,9.00,1.67,84.70%,0.848
RPAI,15.62,+.05,+0.32%,"414,469",15.62,15.63,15.72,15.55,.05,18.99%,0.882
RPRX,6.66,+.16,+2.46%,"338,425",6.65,6.67,6.73,6.44,-1.29,174.03%,0.361
RPTP,10.92,-.06,-0.55%,"133,906",10.92,10.93,10.95,10.67,-.91,92.04%,0.366
RRGB,50.90,+1.17,+2.35%,"206,395",50.90,50.95,51.84,49.51,2.26,53.34%,0.504
RSPP,23.74,-.59,-2.42%,"816,075",23.72,23.74,24.10,22.61,0,45.42%,0.032
RTRX,9.42,-.46,-4.66%,"163,109",9.43,9.54,10.055,9.42,-4.07,109.56%,2.457
RUBI,11.31,+.35,+3.19%,"382,726",11.31,11.36,11.49,10.8688,0,74.20%,1.844
RVBD,18.87,-.07,-0.37%,"372,652",18.84,18.87,19.00,18.38,.02,29.52%,0.156
RVNC,19.43,-.04,-0.21%,"193,412",19.33,19.42,19.44,18.84,-6.93,79.35%,0.126
RWLK,27.799,+1.879,+7.25%,"183,593",27.60,27.80,27.799,25.10,0,,
RWWI,1.2900,-.03,-2.27%,"121,533",1.2500,1.3100,1.3300,1.2900,.16,,
RYAM,29.495,+.395,+1.36%,"288,111",29.47,29.52,29.61,28.56,0,84.98%,0.138
SAAS,8.04,+.02,+0.25%,"85,278",8.01,8.05,8.19,7.87,-.06,62.31%,0.021
SABR,16.95,+.04,+0.24%,"164,017",16.93,16.95,16.96,16.60,0,46.30%,0.199
SAFM,79.18,+.23,+0.29%,"188,487",79.13,79.20,79.98,78.48,8.73,48.21%,0.097
SAIA,50.51,+.28,+0.56%,"144,740",50.43,50.53,50.835,49.59,1.7,40.05%,1.483
SALE,19.41,+.16,+0.83%,"381,148",19.38,19.42,19.45,18.97,.48,83.29%,0.214
SALM,7.00,-.04,-0.57%,"88,962",6.99,7.02,7.02,6.72,.5,44.97%,0.294
SALT,4.685,-.035,-0.74%,"751,705",4.68,4.69,4.69,4.47,-.16,65.45%,0.34
SAND,3.74,-.07,-1.84%,"519,274",3.74,3.75,3.82,3.71,-.37,++,0.698
SANM,19.44,-.03,-0.15%,"357,378",19.43,19.44,19.46,19.055,1.2,52.53%,1.855
SAPE,14.65,+.23,+1.60%,"311,041",14.64,14.65,14.68,14.256,.6,39.56%,3.077
SAVE,66.09,+1.71,+2.66%,"712,159",66.07,66.15,66.18,64.01,2.82,47.31%,1.451
SBAC,111.92,+.35,+0.31%,"422,321",111.91,111.97,112.33,109.95,-.04,26.92%,0.458
SBGI,27.91,-.07,-0.25%,"233,648",27.87,27.89,28.21,27.25,1.01,42.67%,0.186
SBGL,8.5150,-.035,-0.41%,"290,931",8.5100,8.5200,8.6100,8.3800,1.36,51.01%,0.407
SBLK,10.18,-.01,-0.10%,"92,557",10.15,10.18,10.34,9.91,.13,63.94%,0.087
SBNY,116.55,+.05,+0.04%,"100,623",116.49,116.61,116.60,115.02,5.66,23.96%,0.407
SBRA,27.14,+.16,+0.59%,"448,724",27.13,27.14,27.51,26.83,.58,27.84%,0.207
SBUX,76.12,+.31,+0.41%,"1,656,590",76.12,76.13,76.38,75.82,.32,23.33%,1.383
SCCO,29.03,-.23,-0.79%,"743,090",29.02,29.03,29.22,28.67,1.68,29.68%,0.298
SCHN,22.19,-.40,-1.77%,"194,390",22.19,22.21,22.56,22.13,-10.9,37.81%,0.106
SCHW,26.3801,-.3099,-1.16%,"2,629,743",26.38,26.39,26.70,26.265,.93,28.78%,0.157
SCLN,7.77,-.13,-1.65%,"134,203",7.76,7.78,7.84,7.6582,.42,46.65%,1.803
SCOK,2.9300,-.07,-2.33%,"723,982",2.9100,2.9500,3.2899,2.9000,.05,207.92%,0.324
SCOR,38.87,+.65,+1.70%,"81,572",38.83,38.89,38.97,37.97,-.12,42.48%,66.714
SCSS,25.78,+.29,+1.14%,"721,652",25.78,25.81,25.93,25.37,1.02,32.94%,0.421
SCTY,52.43,-1.82,-3.35%,"1,811,761",52.42,52.46,53.7399,52.00,-.42,70.03%,0.972
SDLP,27.77,-1.10,-3.81%,"187,054",27.77,27.85,29.17,27.285,2.15,++,1.034
SDRL,22.74,-.95,-4.01%,"4,579,978",22.75,22.77,22.99,22.33,5.47,50.35%,2.043
SEAS,18.57,-.03,-0.16%,"280,679",18.56,18.57,18.70,18.34,1.09,46.78%,0.196
SEED,2.12,-.05,-2.30%,"158,463",2.12,2.13,2.19,2.12,0,51.26%,0.165
SEIC,37.00,-.06,-0.16%,"199,483",36.99,37.00,37.10,36.70,1.77,33.51%,1.519
SEMG,76.28,-.71,-0.92%,"378,774",76.21,76.26,76.93,75.00,-.08,35.04%,0.051
SERV,22.62,-.13,-0.57%,"168,535",22.60,22.63,22.76,22.19,0,51.83%,6.66
SFLY,42.40,-.20,-0.47%,"387,157",42.37,42.40,42.62,41.84,-.7,57.00%,0.143
SFUN,9.88,-.13,-1.30%,"2,940,519",9.87,9.88,10.00,9.73,.74,62.09%,0.638
SFXE,5.15,-.17,-3.20%,"295,906",5.13,5.15,5.4061,5.11,-2.2,82.65%,0.498
SGEN,35.451,-.499,-1.39%,"452,011",35.45,35.46,36.55,35.17,-.6,53.22%,0.226
SGGH,10.26,+.51,+5.23%,"161,467",10.20,10.31,10.65,9.725,-.63,,
SGMO,11.59,+.24,+2.11%,"387,159",11.58,11.59,11.65,11.08,-.47,78.78%,1.779
SGMS,9.15,-.76,-7.67%,"1,648,351",9.15,9.16,9.85,8.56,-1.4,107.36%,18.274
SGNT,32.30,-.15,-0.46%,"107,012",32.22,32.28,32.51,31.9101,.43,68.63%,0.926
SGYP,2.709,-.101,-3.59%,"283,344",2.700,2.710,2.7899,2.650,-.82,109.61%,0.592
SHLD,38.70,-.27,-0.69%,"1,000,789",38.71,38.85,39.48,37.62,-17.58,109.07%,0.354
SHLM,33.65,-.05,-0.15%,"106,852",33.61,33.65,34.2399,33.062,1.8,28.27%,0.164
SHOO,29.91,-.02,-0.07%,"206,349",29.90,29.91,29.97,29.58,2,32.17%,0.323
SHOR,7.88,-.03,-0.38%,"151,543",7.87,7.88,8.02,7.81,-.02,49.61%,0.814
SHPG,196.90,+2.41,+1.24%,"1,295,456",196.79,196.90,197.14,194.60,0,37.86%,0.221
SIAL,134.69,-.38,-0.28%,"636,732",134.67,134.68,135.15,134.50,4.14,6.27%,0.752
SIMG,4.67,+.07,+1.52%,"198,755",4.66,4.67,4.71,4.53,.12,52.81%,0.521
SIMO,24.171,-.369,-1.50%,"236,794",24.17,24.21,24.64,24.05,.81,52.86%,1.553
SINA,39.28,-.56,-1.41%,"467,102",39.27,39.30,39.55,38.82,.76,48.23%,0.849
SIRI,3.335,-.035,-1.04%,"7,331,447",3.33,3.34,3.36,3.32,.06,40.99%,0.38
SIRO,78.44,-.10,-0.13%,"222,636",78.40,78.47,78.99,77.8712,3.02,27.37%,0.855
SIVB,103.89,+.18,+0.17%,"229,832",103.73,103.85,103.99,101.65,5.44,22.02%,1.044
SKYW,8.82,-.08,-0.90%,"229,262",8.81,8.83,8.95,8.66,-.07,73.91%,0.397
SLAB,44.91,+.92,+2.09%,"184,190",44.89,44.91,44.97,43.34,.88,28.71%,0.787
SLCA,47.09,-3.50,-6.92%,"2,005,597",47.06,47.12,48.81,46.27,1.58,67.14%,1.458
SLGN,48.98,-.18,-0.37%,"119,796",48.94,48.99,49.3081,48.55,2.86,22.12%,1.126
SLXP,138.21,-2.21,-1.57%,"485,243",137.98,138.15,139.89,135.84,.86,57.99%,0.444
SMCI,30.72,+.17,+0.56%,"312,652",30.71,30.73,30.80,30.06,1.4,45.51%,0.083
SMED,4.58,+.10,+2.23%,"85,464",4.56,4.59,4.61,4.35,.06,86.64%,0.285
SMFG,7.50,-.04,-0.53%,"728,174",7.49,7.50,7.50,7.45,0,33.15%,0.135
SMTC,24.08,+.19,+0.80%,"139,746",24.06,24.09,24.15,23.46,-2.55,35.03%,0.196
SNCR,46.39,+.26,+0.56%,"446,328",46.34,46.39,46.7999,46.00,.87,59.01%,0.652
SNDK,89.98,+1.22,+1.37%,"1,362,413",89.94,89.97,90.38,88.11,5,30.41%,0.675
SNMX,7.65,+.07,+0.92%,"157,923",7.63,7.65,7.65,7.30,-.27,71.01%,0.702
SNPS,39.91,-.02,-0.05%,"151,482",39.90,39.91,39.98,39.56,1.61,17.75%,0.455
SNSS,1.6399,-.0701,-4.10%,"939,585",1.6300,1.6400,1.7200,1.5400,-.73,149.29%,0.712
SNTA,2.9873,-.0377,-1.25%,"505,245",2.9800,2.9900,3.0300,2.9000,-1.15,67.61%,0.088
SODA,22.0937,-2.3563,-9.64%,"2,115,054",22.08,22.10,23.89,21.36,1.31,71.76%,1.041
SOHU,43.09,-.93,-2.11%,"145,505",43.03,43.11,43.97,42.61,-4.81,47.98%,0.612
SONC,24.69,-.22,-0.88%,"307,684",24.68,24.69,24.90,24.465,.84,32.98%,0.616
SONS,3.175,-.035,-1.09%,"1,217,692",3.17,3.18,3.19,3.11,-.04,50.38%,0.259
SOPW,2.6400,-.16,-5.71%,"846,700",2.6100,2.6200,2.8700,2.4600,-.12,,
SPCB,12.6499,+.5799,+4.80%,"154,359",12.60,12.65,12.829,11.87,.7,,
SPEX,1.4200,0,0.00%,"1,480,102",1.4200,1.4300,1.5300,1.3800,-9,,
SPIL,6.79,-.04,-0.59%,"390,773",6.78,6.79,7.00,6.72,.31,33.25%,0.403
SPLK,62.97,-.27,-0.43%,"1,001,722",62.91,63.01,64.00,61.90,-1.4,65.71%,0.609
SPLS,12.325,-.18,-1.44%,"2,071,300",12.32,12.33,12.47,12.22,.93,40.61%,1.271
SPNC,30.5795,-.4205,-1.36%,"453,394",30.57,30.58,31.33,30.01,-.24,43.56%,0.751
SPPI,7.485,-.215,-2.79%,"257,364",7.48,7.49,7.6799,7.45,-1.25,52.38%,0.024
SPRT,2.1000,-.01,-0.47%,"101,522",2.1000,2.1100,2.1300,2.1000,.08,74.40%,0.593
SPWH,7.17,+.05,+0.70%,"106,341",7.15,7.17,7.22,7.10,0,47.74%,1.361
SPWR,30.41,-.85,-2.72%,"694,356",30.40,30.41,31.17,30.10,1.51,65.02%,0.591
SQNM,3.11,+.05,+1.63%,"496,128",3.10,3.11,3.11,3.00,-.63,80.00%,0.045
SRCL,123.01,-.04,-0.03%,"275,526",122.98,123.00,123.14,122.30,3.94,17.01%,0.752
SREV,3.0700,+.07,+2.33%,"346,033",3.0700,3.0800,3.0800,2.9000,-.57,++,3.75
SRPT,15.52,-8.04,-34.13%,"11,931,359",15.51,15.52,16.68,14.74,-2.99,76.50%,17.064
SSNI,8.92,-.09,-1.00%,"90,986",8.89,8.92,9.07,8.70,-.05,91.87%,2.064
SSRI,5.27,-.01,-0.19%,"669,034",5.26,5.27,5.28,5.11,-.11,71.06%,0.562
SSTK,72.51,+.68,+0.95%,"151,701",72.23,72.52,72.58,70.42,.67,68.07%,0.487
SSYS,116.38,-1.15,-0.98%,"325,977",116.26,116.41,117.50,114.14,-.61,52.27%,1.127
STAG,23.60,-.01,-0.04%,"139,090",23.60,23.62,23.69,23.45,-.24,21.42%,2.014
STAY,22.54,-.05,-0.22%,"419,421",22.54,22.62,23.17,22.10,.45,32.86%,0.079
STEM,1.1600,-.015,-1.28%,"235,404",1.1600,1.1700,1.1900,1.1500,-.65,,
STKL,13.44,+.01,+0.07%,"123,437",13.43,13.44,13.45,13.24,.26,62.25%,0.115
STLD,21.86,-.45,-2.02%,"1,352,387",21.86,21.87,22.14,21.76,1.09,31.45%,0.051
STNG,7.80,-.41,-4.99%,"2,354,116",7.80,7.81,8.12,7.47,.3,48.01%,0.519
STWD,22.28,+.01,+0.04%,"311,043",22.27,22.28,22.35,22.20,2.07,19.75%,1.051
SUNE,18.74,-.13,-0.69%,"3,997,005",18.73,18.74,18.78,18.27,-4.07,74.34%,0.216
SUPN,7.47,-.04,-0.53%,"82,957",7.45,7.48,7.62,7.31,-1.72,42.24%,0.176
SUSQ,9.15,-.03,-0.33%,"1,056,151",9.14,9.15,9.18,9.00,.83,30.51%,1.849
SVLC,1.400,0,0.00%,"109,678",1.400,1.410,1.410,1.400,.03,,
SWAY,26.00,+.23,+0.89%,"125,527",25.99,26.01,26.04,25.54,-424.5,,2.055
SWFT,23.86,-.02,-0.08%,"1,125,673",23.85,23.86,23.88,23.21,1.06,39.69%,0.328
SWHC,10.01,-.25,-2.44%,"364,639",10.01,10.02,10.24,9.94,1.33,35.77%,0.501
SWIR,26.6201,+.0501,+0.19%,"261,613",26.62,26.66,26.676,25.905,-.41,59.84%,0.493
SWKS,54.8499,-.1901,-0.35%,"1,567,302",54.81,54.84,55.1099,54.21,1.91,51.95%,0.844
SWSH,2.8501,-.1099,-3.71%,"105,528",2.8500,2.8800,2.9600,2.8100,-8.38,127.68%,0.247
SYKE,20.35,-.20,-0.97%,"244,761",20.32,20.35,20.69,20.30,1.03,41.55%,0.11
SYMC,24.25,+.27,+1.13%,"1,732,627",24.25,24.26,24.29,23.79,1.4,34.17%,0.572
SYNA,63.25,+1.145,+1.84%,"845,198",63.25,63.33,63.75,61.89,.94,45.17%,0.681
SYRG,9.605,-1.275,-11.72%,"993,141",9.60,9.61,10.40,9.42,.25,87.78%,2.347
SZMK,5.49,+.02,+0.37%,"92,486",5.48,5.49,5.50,5.36,0,65.04%,0.876
SZYM,6.38,-.16,-2.45%,"413,071",6.38,6.39,6.63,6.25,-2.03,102.43%,1.043
TASR,15.625,+.16,+1.03%,"718,387",15.62,15.64,15.66,15.222,.33,62.08%,0.801
TAXI,11.5599,+.1799,+1.58%,"93,074",11.53,11.55,11.5599,11.37,1.13,30.90%,0.063
TCBI,57.03,-.01,-0.02%,"110,080",57.03,57.05,57.17,56.22,2.76,27.49%,0.311
TCPC,16.30,+.22,+1.37%,"159,689",16.29,16.30,16.32,15.926,1.76,++,0.228
TCRD,12.65,-.11,-0.86%,"110,588",12.66,12.68,12.781,12.62,1.1,24.07%,0.372
TEAR,2.9900,+.17,+6.03%,"85,407",2.9600,2.9900,2.9900,2.8050,-.58,101.32%,0.248
TECD,57.29,-.32,-0.56%,"91,403",57.27,57.30,57.85,57.13,5.24,34.18%,2.028
TEDU,11.57,-.11,-0.94%,"187,544",11.47,11.61,11.72,11.33,0,,
TERP,26.74,-.27,-1.00%,"211,455",26.74,26.81,27.43,26.02,0,57.59%,0.342
TESO,17.49,-.24,-1.35%,"105,968",17.45,17.49,17.59,17.20,.82,43.76%,1.159
TEVA,54.305,+.685,+1.28%,"1,670,159",54.30,54.31,54.48,53.41,1.49,27.59%,1.222
TGTX,11.28,+.39,+3.58%,"306,956",11.21,11.27,11.45,10.85,-.97,114.84%,0.164
THLD,2.990,-.02,-0.66%,"355,073",2.990,3.000,3.030,2.920,-.35,++,2.175
THOR,26.27,-.32,-1.20%,"413,478",26.26,26.29,26.62,26.17,1.17,46.19%,0.301
THRM,42.08,-.31,-0.73%,"623,495",42.01,42.16,42.81,40.72,1.49,70.13%,9.69
THRX,16.61,-.47,-2.75%,"514,878",16.64,16.66,17.005,16.5198,-1.87,63.16%,0.327
TIBX,23.27,-.02,-0.09%,"1,132,588",23.27,23.28,23.36,23.18,.36,21.59%,0.795
TICC,8.5999,-.0101,-0.12%,"90,172",8.59,8.60,8.63,8.53,1.1,++,0.105
TILE,15.515,-.175,-1.12%,"97,199",15.50,15.53,15.56,15.4301,.48,27.89%,0.198
TIME,21.50,+.56,+2.67%,"361,003",21.48,21.50,21.50,20.76,0,46.41%,3.231
TIVO,12.68,-.11,-0.86%,"918,065",12.68,12.69,12.82,12.53,.28,38.33%,0.897
TKMR,18.25,-.43,-2.30%,"1,288,639",18.25,18.29,18.50,17.70,-1.574,120.73%,1.236
TLLP,57.22,-1.13,-1.94%,"347,042",57.15,57.21,58.20,56.39,1.84,40.74%,0.294
TMST,39.91,-.94,-2.30%,"143,092",39.84,39.91,40.21,39.025,0,55.63%,0.336
TMUS,27.819,-.301,-1.07%,"2,019,249",27.81,27.82,28.12,27.715,.2,40.24%,2.65
TNET,28.68,+.43,+1.52%,"212,234",28.69,28.72,28.96,28.1351,0,57.39%,0.454
TNGO,13.65,+.14,+1.04%,"117,718",13.63,13.65,13.74,13.2005,.06,63.80%,0.247
TOUR,18.51,+.31,+1.70%,"123,060",18.40,18.63,18.78,18.01,0,75.46%,4.333
TOWR,22.65,-.37,-1.61%,"111,819",22.60,22.65,22.95,22.29,2.56,43.17%,0.338
TPLM,7.68,-.42,-5.19%,"906,321",7.67,7.68,8.03,7.50,1.15,87.84%,0.986
TPRE,14.67,-.02,-0.14%,"128,829",14.66,14.68,14.72,14.52,0,25.93%,0.841
TQNT,17.69,+.07,+0.40%,"1,200,114",17.69,17.70,17.78,17.22,-.05,58.88%,0.671
TRAK,42.91,-.41,-0.95%,"165,706",42.88,42.90,43.506,42.69,-.21,49.02%,0.474
TREX,37.85,+1.07,+2.91%,"560,380",37.75,37.85,38.24,36.19,.83,45.95%,2.505
TRGP,127.61,+.27,+0.21%,"157,693",127.30,127.59,128.40,124.32,1.97,41.68%,0.852
TRIP,87.60,-.65,-0.74%,"497,184",87.58,87.63,88.2199,86.33,1.45,47.18%,0.551
TRLA,44.96,+.03,+0.07%,"128,615",44.86,44.93,45.50,44.17,-1.29,75.56%,1.948
TRMB,29.41,-.195,-0.66%,"348,394",29.40,29.42,29.49,29.18,.99,39.33%,0.949
TRMR,2.060,-.13,-5.94%,"161,162",2.050,2.060,2.2383,2.033,-.57,,
TROW,78.05,+.21,+0.27%,"451,231",78.01,78.05,78.28,77.09,4.44,22.21%,1.269
TROX,22.335,-.845,-3.65%,"161,553",22.33,22.35,23.00,22.18,-1,51.90%,0.076
TRUE,17.02,-.98,-5.44%,"752,473",17.02,17.08,18.00,16.60,0,98.51%,1.45
TSCO,72.21,+.54,+0.75%,"626,374",72.20,72.22,72.465,71.23,2.53,27.91%,0.243
TSEM,9.09,+.23,+2.60%,"429,430",9.07,9.09,9.18,8.98,-2.72,54.72%,4.25
TSLA,225.64,-9.60,-4.08%,"4,887,204",225.62,225.86,234.61,222.40,-1.35,60.70%,2.416
TSLX,16.58,+.10,+0.61%,"86,259",16.53,16.58,16.655,16.288,2.15,,
TSPT,1.84,+.0901,+5.15%,"139,367",1.83,1.84,1.98,1.6915,-.86,95.96%,0.148
TSRA,26.44,-.28,-1.05%,"136,161",26.42,26.43,26.7199,26.25,-2.02,35.51%,1.308
TSRO,28.475,+.375,+1.33%,"399,705",28.45,28.50,28.54,27.37,-1.8,80.97%,0.201
TTEK,25.43,-.12,-0.47%,"154,462",25.41,25.44,25.49,25.11,1.7,35.04%,0.171
TTMI,5.77,-.22,-3.67%,"288,761",5.76,5.77,5.98,5.69,-.04,40.17%,0.085
TTPH,23.93,-.09,-0.37%,"155,081",23.93,23.95,24.05,23.17,-2.29,102.03%,0.571
TTWO,22.43,+.01,+0.04%,"427,210",22.43,22.46,22.47,21.98,3.46,43.82%,1.532
TUBE,15.32,-.58,-3.65%,"119,576",15.25,15.32,16.29,15.10,0,,
TUES,19.41,-.07,-0.36%,"625,372",19.41,19.44,19.655,18.73,-.24,53.30%,0.114
TVPT,14.40,+.04,+0.28%,"104,040",14.35,14.42,14.48,14.05,0,68.90%,1.088
TWTC,39.61,+.47,+1.20%,"1,260,344",39.60,39.62,39.82,38.91,.19,17.14%,0.862
TWTR,48.9801,-.9699,-1.94%,"19,921,087",48.98,48.99,50.24,48.35,-3.35,71.22%,3.515
TXMD,4.16,-.09,-2.12%,"200,162",4.16,4.17,4.24,4.10,-.25,75.60%,0.633
TXRH,27.70,+.16,+0.58%,"204,147",27.70,27.72,27.77,27.4301,1.18,31.68%,0.468
UBNK,13.345,-.025,-0.19%,"94,959",13.34,13.35,13.35,13.232,.2,,
UBNT,34.763,+.293,+0.85%,"322,450",34.67,34.73,34.88,33.65,1.97,74.53%,0.703
UBSH,21.13,-.07,-0.33%,"98,184",21.11,21.16,21.29,20.78,1.13,,
UEPS,11.71,+.12,+1.04%,"113,292",11.68,11.71,11.71,11.47,1.5,59.33%,0.162
ULTA,117.70,+.35,+0.30%,"275,670",117.63,117.72,117.9649,116.00,3.51,32.07%,0.455
ULTI,142.16,-.24,-0.17%,"132,512",142.15,142.37,142.42,138.93,1,44.83%,1.057
UMBF,55.65,+.21,+0.38%,"114,825",55.66,55.86,55.795,54.7801,2.87,31.02%,1.182
UMPQ,16.31,+.04,+0.25%,"492,267",16.30,16.31,16.33,16.14,.76,40.33%,2.126
UNFI,62.96,-.10,-0.16%,"193,318",62.93,62.98,63.4699,62.23,2.52,39.62%,0.416
UNIS,3.49,+.025,+0.72%,"211,677",3.49,3.50,3.51,3.35,-.59,137.94%,1.354
UPIP,1.64,0,0.00%,"94,146",1.63,1.64,1.68,1.61,0,,
URBN,30.50,+.21,+0.69%,"938,266",30.49,30.50,30.53,30.05,1.8,38.42%,0.233
USEG,2.50,-.215,-7.92%,"91,539",2.50,2.51,2.66,2.50,-.06,99.62%,0.159
USTR,39.19,-.23,-0.58%,"123,521",39.17,39.23,39.53,38.82,3.23,30.15%,0.472
UTEK,17.34,-.365,-2.06%,"360,870",17.35,17.36,17.76,17.32,-1.35,44.38%,0.248
UTHR,132.28,-.075,-0.06%,"292,629",132.12,132.27,132.76,130.27,5.11,61.72%,4.257
UTIW,10.745,+.025,+0.23%,"200,683",10.74,10.75,10.76,10.50,-1.19,48.17%,3.968
VALE,10.54,-.62,-5.56%,"25,384,031",10.53,10.54,10.62,10.40,0,42.10%,1.085
VAPE,1.370,+.10,+7.87%,"112,634",1.370,1.410,1.430,1.210,0,,
VDSI,19.14,-.13,-0.67%,"270,214",19.07,19.12,19.25,18.55,.43,70.82%,0.801
VECO,32.4275,-.0725,-0.22%,"138,454",32.39,32.42,32.50,31.91,-.62,45.95%,0.97
VEEV,28.58,+.56,+2.00%,"246,614",28.57,28.59,28.73,27.30,.21,49.93%,1.787
VIAB,72.285,+.675,+0.94%,"1,348,026",72.28,72.29,72.325,71.00,5.39,28.09%,0.504
VICL,1.180,-.02,-1.67%,"100,363",1.170,1.180,1.220,1.170,-.23,153.73%,0.491
VIMC,9.4701,-.4999,-5.01%,"307,792",9.47,9.52,9.90,9.3701,-.29,151.97%,0.236
VIPS,213.44,-.15,-0.07%,"510,269",212.85,213.60,216.37,210.62,1.36,56.77%,2.67
VMEM,4.55,+.09,+2.02%,"297,734",4.55,4.57,4.59,4.34,-.47,69.46%,0.231
VNCE,32.83,-.68,-2.03%,"208,727",32.81,32.85,33.51,32.70,1.19,53.39%,0.27
VNDA,10.48,-.63,-5.67%,"2,458,442",10.47,10.48,12.42,9.53,-1.81,90.67%,0.309
VNET,19.10,+.11,+0.58%,"247,794",19.07,19.10,19.32,18.65,-.13,73.54%,0.28
VNTV,32.39,+.31,+0.97%,"590,425",32.38,32.39,32.41,31.92,.67,27.43%,1.606
VOIL,1.78,-.05,-2.73%,"495,924",1.76,1.78,1.89,1.71,-.05,,
VOLC,10.00,-.13,-1.28%,"338,731",9.99,10.00,10.14,9.94,-.74,60.19%,1.805
VOXX,7.98,-.115,-1.42%,"81,713",7.96,7.98,8.12,7.93,-1.48,++,2.138
VOYA,37.90,+.03,+0.08%,"461,069",37.89,37.90,38.026,37.50,5.54,25.33%,2.977
VPCO,2.4945,+.8445,+51.18%,"3,016,917",2.4900,2.5000,2.6300,1.6600,0,161.01%,6.277
VRNG,1.0600,+.05,+4.95%,"1,357,597",1.0500,1.0600,1.0700,.9900,-.48,122.69%,0.553
VRNT,54.44,-.07,-0.13%,"98,509",54.41,54.47,54.53,53.73,1.12,32.40%,0.409
VRSK,62.32,+.45,+0.73%,"274,936",62.31,62.32,62.41,61.5763,2.08,27.10%,0.694
VRSN,58.70,+.15,+0.26%,"433,108",58.70,58.73,59.20,58.21,3.92,27.62%,2.938
VRTX,111.30,+1.39,+1.26%,"625,196",111.30,111.32,111.38,107.86,-1.99,45.96%,2.562
VSAT,56.30,+.07,+0.12%,"107,796",56.29,56.35,56.39,55.5201,-.3,48.87%,2.541
VSLR,14.00,+.36,+2.64%,"615,938",13.99,14.04,14.70,13.82,0,65.46%,4.89
VTAE,10.845,+1.735,+19.05%,"288,202",10.72,10.84,10.99,9.29,0,,
VTNR,6.33,-.03,-0.47%,"208,818",6.31,6.33,6.48,6.0301,.57,74.63%,5.289
VTSS,3.2399,+.0699,+2.21%,"110,948",3.23,3.24,3.27,3.11,-.35,65.36%,1.667
VVTV,5.22,+.02,+0.38%,"80,441",5.21,5.22,5.24,5.15,-.13,56.27%,0.157
VVUS,3.38,-.03,-0.88%,"368,746",3.37,3.38,3.39,3.31,-1.04,99.48%,1.09
WAFD,20.51,-.11,-0.53%,"136,045",20.49,20.52,20.60,20.36,1.56,50.66%,2.789
WAGE,52.70,+.43,+0.82%,"150,134",52.67,52.73,53.0448,51.83,.67,65.28%,1.35
WAVX,1.0372,-.0628,-5.71%,"138,335",1.0300,1.0400,1.0900,1.0300,-.36,196.07%,0.446
WBAI,29.423,-.117,-0.40%,"144,519",29.40,29.44,29.7999,28.71,.67,62.32%,0.666
WBMD,39.25,+.28,+0.72%,"196,463",39.21,39.26,39.80,38.76,.67,56.37%,1.203
WDAY,89.73,+.22,+0.25%,"400,695",89.73,89.76,89.81,88.22,-1.31,43.60%,0.736
WERN,26.08,+.41,+1.60%,"389,430",26.07,26.09,26.23,25.50,1.21,23.27%,0.72
WETF,11.18,-.17,-1.50%,"511,613",11.17,11.18,11.27,10.93,.52,65.43%,0.25
WIBC,9.42,+.08,+0.86%,"148,388",9.42,9.43,9.4401,9.235,.7,31.24%,4.231
WIRE,36.82,-3.25,-8.11%,"117,952",36.74,36.84,39.945,36.65,2.21,++,1.647
WMGI,31.74,-.12,-0.38%,"223,501",31.76,31.79,31.94,31.54,-7.43,73.12%,0.004
WOOF,44.33,-.52,-1.16%,"976,953",44.33,44.37,45.32,43.74,1.68,25.00%,1.28
WPRT,5.77,-.15,-2.53%,"384,162",5.76,5.77,5.83,5.65,-2.98,75.32%,0.807
WRES,3.27,-.11,-3.25%,"965,960",3.26,3.27,3.42,3.15,.51,59.30%,0.613
WUBA,37.495,-.555,-1.46%,"396,322",37.45,37.50,38.05,37.2501,.66,62.11%,0.367
WWAV,36.13,-.02,-0.06%,"551,830",36.12,36.13,36.54,35.92,.63,40.28%,1.097
WWWW,18.98,-.11,-0.58%,"152,091",18.97,18.99,19.23,18.53,-.19,64.22%,0.291
WYNN,185.405,+.685,+0.37%,"510,925",185.36,185.50,185.66,182.89,8.11,32.14%,0.906
XLNX,43.37,+.17,+0.39%,"1,904,631",43.37,43.38,43.50,42.91,2.38,26.08%,0.185
XLRN,34.88,+.64,+1.87%,"104,757",34.81,34.89,34.98,33.26,-5.15,75.69%,0.095
XNET,9.20,-.57,-5.83%,"237,263",9.20,9.24,9.77,8.774,0,66.75%,1.205
XNPT,6.73,+.01,+0.15%,"136,932",6.73,6.74,6.75,6.53,-1.47,97.88%,2.696
XOMA,4.39,+.09,+2.09%,"531,643",4.39,4.40,4.4201,4.255,-1.3,121.27%,0.246
XONE,22.95,+1.74,+8.20%,"243,250",22.92,22.97,23.00,21.021,-.95,95.82%,1.338
XOOM,18.9700,-.47,-2.42%,"214,683",18.9400,18.9700,19.3000,18.7600,.1,76.60%,0.161
XRAY,46.69,+.55,+1.19%,"376,487",46.67,46.69,46.73,46.00,2.19,30.35%,3.585
XXIA,8.64,-.12,-1.37%,"100,611",8.63,8.65,8.76,8.46,-.43,55.82%,1.613
XXII,2.0000,-.02,-0.99%,"371,470",1.9900,2.0000,2.2000,1.9500,-.65,121.06%,0.825
YELP,58.20,-1.22,-2.05%,"2,425,426",58.20,58.23,59.88,58.02,.02,50.91%,0.397
YHOO,44.45,+.95,+2.18%,"21,224,847",44.45,44.46,44.64,43.2905,1.8,34.14%,1.062
YNDX,27.53,-.25,-0.90%,"716,583",27.52,27.53,27.60,26.71,1.23,43.37%,0.563
YOKU,18.44,-.35,-1.86%,"536,294",18.44,18.45,18.77,18.22,-.58,51.50%,1.71
YRCW,18.28,+.13,+0.72%,"230,617",18.24,18.27,18.43,17.52,-7.86,85.93%,0.669
YUME,5.02,-.03,-0.59%,"85,305",5.02,5.06,5.1495,4.96,.7,,
ZAGG,5.90,-.07,-1.17%,"123,017",5.89,5.91,6.02,5.76,.09,68.69%,0.266
ZAZA,2.9300,-.43,-12.80%,"196,126",2.9300,2.9800,3.4300,2.8101,-1.3,,2.497
ZBRA,69.44,+.14,+0.20%,"155,402",69.40,69.46,69.53,68.6256,2.93,37.59%,0.092
ZGNX,1.2550,-.015,-1.18%,"626,005",1.2500,1.2600,1.2600,1.1800,-.24,40.95%,0.381
ZINC,15.09,-.72,-4.55%,"207,605",15.08,15.10,15.79,15.06,-.45,49.66%,2.314
ZION,27.51,-.02,-0.07%,"1,053,396",27.51,27.52,27.65,27.42,1.78,24.50%,0.78
ZIOP,3.27,+.03,+0.93%,"510,595",3.26,3.27,3.28,3.15,-.43,136.15%,2.045
ZLTQ,23.87,+.16,+0.67%,"231,997",23.86,23.88,23.88,23.23,-.96,100.41%,0.301
ZNGA,2.3596,-.0104,-0.44%,"4,614,680",2.3500,2.3600,2.3700,2.3100,-.18,86.09%,0.464
ZOES,35.38,-.06,-0.17%,"99,219",35.39,35.56,35.53,34.58,0,65.34%,0.096
ZUMZ,32.48,-.49,-1.49%,"271,582",32.44,32.49,32.59,31.53,1.62,46.45%,0.26
